LP Name,Investor Type,Country,S&P,Moody's
ANTARIUS,Insurance Company,France,A,NR
Al Sariya Commercial Investments LLC,SWF,United Arab Emirates,AA,NR
"Alecta pensionsförsäkring, ömsesidigt",Other Pension Plan,Sweden,NR,NR
Appia III Global Infrastructure Portfolio SCSp,Fund-of-Funds,Luxembourg,NR,NR
Arkitekternes Pensionskasse,Other Pension Plan,Denmark,NR,NR
"BAR AI Infra SCS, SICAV-FIAR",Fund-of-Funds,Luxembourg,NR,NR
BNP Paribas,Financial Institution,France,A+,Aa3
Border to Coast Bedfordshire LP,Other Pension Plan,UK,NR,NR
Border to Coast Cumbria LP,Other Pension Plan,UK,NR,NR
Border to Coast Durham LP,Other Pension Plan,UK,NR,NR
Border to Coast East Riding LP,Other Pension Plan,UK,NR,NR
Border to Coast South Yorkshire LP,Other Pension Plan,UK,NR,NR
Border to Coast Surrey LP,Other Pension Plan,UK,NR,NR
Border to Coast Teesside LP,Other Pension Plan,UK,NR,NR
Border to Coast Tyne & Wear LP,Other Pension Plan,UK,NR,NR
Border to Coast Warwickshire LP,Other Pension Plan,UK,NR,NR
Brie Picardie Expansion,Financial Institution,France,A+,NR
Caisse des depots et consignations,Financial Institution,France,AA+,NR
Caisse Regionale Crédit Agricole Mutuel des Côtes d'Armor,Financial Institution,France,A+,NR
Cardif Assurance Vie,Insurance Company,France,A,NR
Cargill Pension Trustees Limited,Corporate Pension Plan,UK,A,NR
"CIBC Mellon Trust Company, acting solely in its capacity as trustee of Ontario Power Generation Inc. Pension Fund",Public Pension Plan,Canada,AA-,NR
"Custody Bank of Japan, Ltd. A/C 17188",Financial Institution,Japan,A-,NR
Elo Mutual Pension Insurance Company,Insurance Company,Malaysia,NR,NR
Employees Provident Fund Board,SWF,Malaysia,A-,A3
Epsom Investment Pte. Ltd.,SWF,Singapore,A+,NR
"Fubon Life Insurance Co., Ltd.",Insurance Company,Taiwan,A-,A3
Global Responsible Infrastructure Fund A LP,Fund-of-Funds,,NR,NR
Global Responsible Infrastructure Fund B LP,Fund-of-Funds,,NR,NR
Golding Infrastructure 2018 SCS SICAV-FIAR – Teilfonds A,Fund-of-Funds,Luxembourg,NR,NR
Ilmarinen Mutual Pension Insurance Company,Insurance Company,Finland,NR,NR
John Lewis Partnership Pensions Trust as Trustee of the John Lewis Partnership Trust for Pensions,Other Pension Plan,UK,NR,NR
Los Angeles County Employees Retirement Association,Public Pension Plan,United States,AA,NR
"Mercer Private Investment Partners VI, L.P",Fund-of-Funds,United States,A-,NR
"Ontario Power Generation Inc., on behalf of Ontario Power Generation Inc. Decommissioning Segregated Fund",Public Pension Plan,Canada,AA-,NR
"Ontario Power Generation Inc., on behalf of Ontario Power Generation Inc. Used Fuel Segregated Fund (excluding the assets of The Ontario NFWA Trust)",Public Pension Plan,Canada,AA-,NR
"P+, Pensionskassen for Akademikere",Other Pension Plan,Denmark,NR,NR
"Pantheon Access Primary Program, L.P. - Series 219",Fund-of-Funds,United States,NR,NR
Pensionskassen for Jordbrugsakademikere og Dyrlæger,Other Pension Plan,Denmark,NR,NR
Pensionskassen for Teknikum - og Diplomingeniører,Other Pension Plan,Denmark,NR,NR
"Public Employees Pension Board, as trustee of the Public Employees Pension Plan",Public Pension Plan,Canada,AAA,NR
SAEV AI SCS SICAV-RAIF - Infrastruktur,Fund-of-Funds,Luxembourg,NR,NR
Sampension Livsforsikring A/S,Corporate Pension Plan,Denmark,NR,NR
Shell Pension Trust Holding LLC,Corporate Pension Plan,United States,NR,NR
Shell Pensions Trust Limited as trustee of the Shell Contributory Pension Fund,Corporate Pension Plan,UK,A+,NR
Shell Trust (Bermuda) Limited as trustee of the Shell Overseas Contributory Pension Fund,Corporate Pension Plan,Bermuda,NR,NR
SIHL Investment Foundation,Foundation,Switzerland,A-,NR
Skandia Mutual Life Insurance Company,Insurance Company,France,A+,NR
SOGECAP,Insurance Company,France,A-,NR
Stichting Shell Pensioenfonds,Corporate Pension Plan,Netherlands,A+,Aa2
Teacher Retirement System of Texas,Public Pension Plan,United States,AAA,Aaa
The Northern Ireland Local Government Officers' Superannuation Committee,Public Pension Plan,Ireland,AAA,NR
The University of British Colombia (Endowment Fund),Endowment,Canada,AA+,NR
The University of British Colombia Staff Pension Plan,Other Pension Plan,Canada,AA+,NR
Toronto Transit Commission Pension Society,Public Pension Plan,Canada,NR,NR
UBS Investment Foundation 3,Foundation,Switzerland,A-,NR
Union Mutualiste Retraite - Régime R1,Insurance Company,France,NR,NR
UnipolSai Assicurazioni S.p.A.,Insurance Company,Spain,BBB+,NR
Virginia Retirement System,Public Pension Plan,United States,AAA,Aaa
YAM Invest N.V.,Family Office,,NR,NR
CAA Infrastructure 2021,Other,,NR,NR
Granville Holdco,Other,,NR,NR
"Moran Real Asset Fund II, L.P.",Fund-of-Funds,,NR,NR
Fondation Lucie et Andre Chagnon,Foundation,,NR,NR
Antin Infrastructure Partners Mid Cap I Founder Partner SCSp,Fund-of-Funds,,NR,NR
KÖZU Private Markets 13 SICAV-RAIF S.C.A.,Fund-of-Funds,,NR,NR
Sojecci,Family Office,,NR,NR
Obligo Global Infrastruktur II AS,Fund-of-Funds,,NR,NR
"Altamar Infrastructure Income II, FCR",Fund-of-Funds,,NR,NR
KTCU HL Infrastructure Master Fund LP,Fund-of-Funds,,NR,NR
AIA International Limited - Hong Kong Branch (for account of NT HEF Portfolio),Insurance Company,Hong Kong,NR,NR
AIA International Limited - Hong Kong Branch (for account of NT LEF Portfolio),Insurance Company,Hong Kong,NR,NR
AIA International Limited - Hong Kong Branch (for account of NT XP Portfolio),Insurance Company,Hong Kong,NR,NR
"AIA International Limited, Hong Kong Branch (for a/c of NT NP Surplus Portfolio)",Insurance Company,Hong Kong,NR,NR
AIA Singapore Private Limited (for a/c Life Par USD Heritage Fund),Insurance Company,Hong Kong,NR,NR
AIA Singapore Private Limited (for A/C of Life PAR Fund),Insurance Company,Hong Kong,NR,NR
AIA VCC for a/c AIA Opportunities Fund - Equity 2021,Insurance Company,Hong Kong,NR,NR
Fondation Lucie et André Chagnon,Foundation,Canada,NR,NR
Kranot Hishtalmut Le Morim Tichoniim Morey Seminarim Ve Mefakhim Hevra Menahelet Ltd. on behalf of Kranot Hishtalmut Le Morim Tichoniim Morey Seminarim Ve Mefakhim,Other Pension Plan,Israel,NR,NR
Kranot Hishtalmut Le Morim Tichoniim Morey Seminarim Ve Mefakhim Hevra Menahelet Ltd. on behalf of Kranot Hishtalmut Le Morim Tichoniim Morey Seminarim Ve Mefakhim - Mekuzar,Other Pension Plan,Israel,NR,NR
Kranot Hishtalmut Le Morim Ve Gananot Hevra Menahelet Ltd. on behalf of Kranot Hishtalmut Le Morim Ve Gananot,Other Pension Plan,Israel,NR,NR
Kranot Hishtalmut Le Morim Ve Gananot Hevra Menahelet Ltd. on behalf of Kranot Hishtalmut Le Morim Ve Gananot - Mekuzar,Other Pension Plan,Israel,NR,NR
Ligustica L.P.,Fund-of-Funds,UK,NR,NR
Meitav Provident Funds and Pension Ltd,Other Pension Plan,Israel,NR,NR
Régime de Retraite de l'Université du Québec,Corporate Pension Plan,Canada,NR,NR
Saskatchewan Teachers Federation as a trustee of Saskatchewan Teachers Retirement Plan,Public Pension Plan,Canada,NR,NR
Beneva Inc.,Insurance Company,Canada,NR,NR
The National Pension Services of the Republic of Korea,SWF,South Korea,NR,NR
The Public Institution for Social Security,SWF,Kuwait,NR,NR
The Union Life Mutual Assurance Company,Insurance Company,Canada,NR,NR
VOLCOMCAPITAL Infraestructura III Fondo de Inversion,Investment Company,Spain,NR,NR
2013 Ventures LLC,Financial Institution,United States,NR,NR
4475381 Canada Inc,Other Pension Plan,Canada,NR,NR
Capstone Private Infrastructure Fund III,Fund-of-Funds,United States,NR,NR
Fubon Life Insurance Co Ltd,Insurance Company,Taiwan,A-,A3
"NongHyup Bank, acting as trustee of Truston Secondary Infra Qualified Investment Type Private Investment Trust I",Fund-of-Funds,South Korea,NR,NR
University of Liverpool,Endowment,UK,NR,NR
7623615 Canada Inc.,Financial Institution,Canada,NR,NR
Government Pension Fund,Public Pension Plan,Thailand,NR,NR
"NongHyup Bank, acting as trustee of Truston Secondary Infra Qualified Investment Type Private Investment Trust III",Fund-of-Funds,South Korea,NR,NR
"NongHyup Bank, acting as trustee of Truston Secondary Infra Qualified Investment Type Private Investment Trust II (USD)",Fund-of-Funds,South Korea,NR,NR
"NongHyup Bank, acting as trustee of Truston Secondary Infra Qualified Investment Type Private Investment Trust IV",Fund-of-Funds,South Korea,NR,NR
"NongHyup Bank, acting as trustee of Truston Secondary Infra Qualified Investment Type Private Investment Trust V",Fund-of-Funds,South Korea,NR,NR
Provident Company of the Employees of the Hebrew University Ltd. on behalf of: Provident fund of the Employees of the Hebrew University - 60+,Other Pension Plan,Israel,NR,NR
Reut Management Company Of Provident Fund LTD.,Other Pension Plan,Israel,NR,NR
Texas A&M Foundation,Foundation,United States,NR,NR
Training Fund of the Employees of the HUJI,Corporate Pension Plan,Israel,NR,NR
"MedStar Health, Inc.",Corporate,United States,A,A2
"NongHyup Bank, acting as trustee of Truston Secondary Infra Qualified Investment Type Private Investment Trust VI",Fund-of-Funds,South Korea,NR,NR
"NongHyup Bank, acting as trustee of Truston Secondary Infra Qualified Investment Type Private Investment Trust VII",Fund-of-Funds,South Korea,NR,NR
Université de Montréal,Endowment,Canada,NR,NR
AFP Planvital SA Para Fondo de Pension TIPO A 0102749,Other Pension Plan,Chile,NR,NR
AFP Planvital SA Para Fondo de Pension TIPO C 0101535,Other Pension Plan,Chile,NR,NR
AFP Planvital SA Para Fondo de Pension TIPO D 0103234,Other Pension Plan,Chile,NR,NR
AFP Planvital SA Para Fondo de Pension TIPO E 0103242,Other Pension Plan,Chile,NR,NR
KEB Hana Bank as Trustee for KB ASF Infra Private Special Asset Fund (FoFs),Fund-of-Funds,South Korea,NR,NR
CTKWK Main LP,Fund-of-Funds,,NR,NR
Dow Employees' Pension Plan Trust,Corporate Pension Plan,United States,NR,NR
Union Carbide Employees Pension Plan Trust,Corporate Pension Plan,United States,NR,NR
Provident Company of the Employees of the Hebrew University Ltd. on behalf of: Provident fund of the Employees of the Hebrew University - Up to 50,Other Pension Plan,Israel,NR,NR
Agape Capital LLC,Investment Company,United States,NR,NR
New York City Employees Retirement System,Public Pension Plan,United States,AA,Aa2
New York City Fire Department Pension Fund,Public Pension Plan,United States,AA,Aa2
New York City Police Pension Fund,Public Pension Plan,United States,AA,Aa2
The Grable Foundation,Foundation,United States,NR,NR
New York City Board of Education Retirement System,Public Pension Plan,United States,AA+,Aa1
Colorado Public Employees' Retirement Association,Public Pension Plan,United States,AA,Aa1
ASF VIII Infrastructure Private Investors LLC,HNW Platform,United States,NR,NR
ASF VIII Infrastructure Euro Feeder S.C.S SICAV-RAIF,Fund-of-Funds,Luxembourg,NR,NR
Caisse de retraite d'Hydro-Québec,Other Pension Plan,Canada,AA-,Aa2
Cathay Life Insurance Co Ltd,Insurance Company,Taiwan,A-,A3
Colpan Trust GmbH & Co KG,Corporate,Germany,NR,NR
ERI-Lux U.F.S.A.SICAV-RAIF- ERI-FONDS 4 IMMO/PE,Other Pension Plan,Luxembourg,NR,NR
ERI-Lux Umbrella Fund S.A. SICAV-RAIF-ERI-Fonds 5 Private Equity - Segment 6,Other Pension Plan,Luxembourg,NR,NR
GIWA Holding GmbH & Co KGaA,Fund-of-Funds,Germany,NR,NR
ITZARRI EPSV DE EMPLEO,Other Pension Plan,Spain,NR,NR
"LURA-Fonds S.A., SICAV-FIS (Subfund: LURA-Alternatives 2)",Other Pension Plan,Luxembourg,NR,NR
"SAEV AI SCS, SICAV-RAIF - Infrastruktur",Fund-of-Funds,Luxembourg,NR,NR
Soliss Mutua de Seguros,Insurance Company,Spain,NR,NR
Ursula Zindel-Hilti Stiftung,Foundation,Liechtenstein,NR,NR
"Tiera Capital S.C.A., SICAV-RAIF Global Infrastructure Opportunities",Fund-of-Funds,Luxembourg,NR,NR
"AFP Habitat on behalf Pension Funds Type A, B, C, D and E",Other Pension Plan,Chile,NR,NR
"AltIn2016 S.A., SICAV-FIS (Subfund: PE 1)",Fund-of-Funds,Luxembourg,NR,NR
Hilti Pensionskasse,Other Pension Plan,Switzerland,NR,NR
Previs Vorsorge,Other Pension Plan,Switzerland,NR,NR
"VAH Alternative Investments S.A., SICAV-RAIF, Teilfonds I",Fund-of-Funds,Luxembourg,NR,NR
"Custody Bank of Japan, Ltd. A/C: 15358",Other,Japan,NR,NR
Mitsubishi UFJ Trust and Banking Corporation,Financial Institution,Japan,A,A1
"SBI Life Insurance Co., Ltd.",Insurance Company,Japan,NR,NR
The Master Trust Bank of Japan Ltd acting as trustee for Trust Fund n°400039090,Other,Japan,NR,NR
"The Nomura Trust and banking Co, Ltd / TKN2053002",Foundation,Japan,NR,NR
"ASF VIII Infrastructure JPY Feeder S.C.Sp., SICAV-RAIF",Fund-of-Funds,Luxembourg,NR,NR
Clearstream Banking S A AFS AFP Provida Fondo De Pensiones Tipo A,Other Pension Plan,Chile,NR,NR
Clearstream Banking S A AFS AFP Provida Fondo De Pensiones Tipo B,Other Pension Plan,Chile,NR,NR
Clearstream Banking S A AFS AFP Provida Fondo De Pensiones Tipo C,Other Pension Plan,Chile,NR,NR
Clearstream Banking S A AFS AFP Provida Fondo De Pensiones Tipo D,Other Pension Plan,Chile,NR,NR
Global Seguros de Vida S.A.,Insurance Company,Colombia,NR,NR
"G.M Pensiones, Fondo De Pensiones",Other Pension Plan,Spain,NR,NR
"AXA Alternative Participations IV, SICAV-FIS - Sub-Fund A",Insurance Company,Germany,NR,NR
AXA Alternative Participations SICAV II,Insurance Company,Germany,NR,NR
AXA Assicurazioni SPA - Segment Fondi Propri,Insurance Company,Italy,NR,NR
AXA Assicurazioni SPA - Segment Fondo Interlife,Insurance Company,Italy,NR,NR
AXA Assicurazioni SPA - Segment Gestiriv1,Insurance Company,Italy,NR,NR
AXA Aurora Vida - Segment Plan 21 (CFM),Insurance Company,Spain,NR,NR
AXA Aurora Vida - Segment Shareholder,Insurance Company,Spain,NR,NR
AXA Insurance Ltd,Insurance Company,Switzerland,NR,NR
"AXA LIFE INSURANCE Co.,Ltd.",Insurance Company,Japan,NR,NR
AXA MPS Assicurazioni Danni SPA,Insurance Company,Italy,NR,NR
AXA MPS Assicurazioni Vita SPA - Segment MPV4,Insurance Company,Italy,NR,NR
AXA MPS Assicurazioni Vita SPA - Segment Proprieta,Insurance Company,Italy,NR,NR
Matignon Développement 4,Insurance Company,France,NR,NR
"RANW AI S.A., SICAV-RAIF - RANW Private Equity I",Fund-of-Funds,Luxembourg,NR,NR
Souverain Private Equity SA SICAR,Fund-of-Funds,Luxembourg,NR,NR
CLEARSTREAM BANKING S.A. AFS CBNY AFP CUPRUM SA FON PEN - TIPO A,Other Pension Plan,Chile,NR,NR
CLEARSTREAM BANKING S.A. AFS CBNY AFP CUPRUM SA FON PEN - TIPO B,Other Pension Plan,Chile,NR,NR
CLEARSTREAM BANKING S.A. AFS CBNY AFP CUPRUM SA FON PEN - TIPO C,Other Pension Plan,Chile,NR,NR
CLEARSTREAM BANKING S.A. AFS CBNY AFP CUPRUM SA FON PEN - TIPO D,Other Pension Plan,Chile,NR,NR
CLEARSTREAM BANKING S.A. AFS CBNY AFP CUPRUM SA FON PEN - TIPO E,Other Pension Plan,Chile,NR,NR
Keva,Public Pension Plan,Finland,NR,NR
Taikang Life Insurance Co.Ltd (for the account of SCBCN-TAIKANG LIFE INSURANCE CO LTD-CTQDUSDB1),Insurance Company,China,NR,A3
Taikang Life Insurance Co.Ltd (for the account of SCBCN-TAIKANG LIFE INSURANCE CO LTD-FHQDUSDB1),Insurance Company,China,NR,A3
Taikang Life Insurance Co.Ltd (for the account of SCBCN-TAIKANG LIFE INSURANCE CO LTD-GHQDUSDB1),Insurance Company,China,NR,A3
ASF VIII Infrastructure Private Investors Offshore SICAV-RAIF S.C.Sp.,Insurance Company,United States,NR,NR
ACM Capital,Insurance Company,United States,NR,NR
China Life Insurance Company Limited,Insurance Company,China,A+,A1
"AXA Alternative Participations III, SICAV-FIS",Insurance Company,Germany,NR,NR
Jardim De Luz Limited,Investment Company,,NR,NR
Moscovo Ltd,Fund-of-Funds,,NR,NR
Odin Real Estate Limited,Fund-of-Funds,,NR,NR
Zorzales LP,Investment Company,,NR,NR
PORTAGE PROPERTIES LTD,Fund-of-Funds,,NR,NR
Alvin Segal Family Foundation,Foundation,,NR,NR
INTERNATIONAL SKIES CORP,Corporate,,NR,NR
ARDIAN Investment Switzerland Holding AG (B),Investment Company,,NR,NR
Athalia VIII B infra,Fund-of-Funds,,NR,NR
Athalia VIII infra 2,Fund-of-Funds,,NR,NR
State of Michigan Retirement System,Public Pension Plan,,AA,Aa1
Chemical Investments Luxembourg S.A. SPF,Corporate,,NR,NR
ASF VIII Infrastructure Euro Feeder S.C.S SICAV-RAIF,Fund-of-Funds,,NR,NR
Asphodele S.A. SICAR,Fund-of-Funds,,NR,NR
Erbium SA,Fund-of-Funds,,NR,NR
MHT AG (as custodial trustee of the Martin Hilti Family Trust),Family Office,,NR,NR
EESD-1-1-2-2 Geschäftsführungs GmbH,Other,,NR,NR
Groupe Josi SA,Other,,NR,NR
Marlis srl,Family Office,,NR,NR
Schily Verwaltungsgesellschaft mbH,Family Office,,NR,NR
"Lombard International Assurance SA, 2111-143846",Insurance Company,,NR,NR
Athalia VIII infra 1,Fund-of-Funds,,NR,NR
Ardian Holding,Corporate,France,NR,NR
Céleste Management SA,Investment Company,Switzerland,NR,NR
FCPR AXA AVENIR ENTREPRENEURS,Insurance Company,France,NR,NR
FCPR CNP PRIVATE EQUITY FOR PERSONAL SAVINGS II,Insurance Company,France,NR,NR
FMBT Capital SAS,Fund-of-Funds,France,NR,NR
GF Investments SARL,Fund-of-Funds,France,NR,NR
Klaus Eckstein GmbH & Co. KG,Fund-of-Funds,Germany,NR,NR
MACSF Epargne Retraite,Insurance Company,France,NR,NR
"Pantoque Gestión SCR, S.A.",Fund-of-Funds,Spain,NR,NR
Personalvorsorgestiftung der Ärzte und Tierärzte PAT-BVG,Other Pension Plan,Switzerland,NR,NR
EDCAU Holding SC,Fund-of-Funds,Luxembourg,NR,NR
Hyos Invest Holding AG,Fund-of-Funds,Switzerland,NR,NR
Medpension vsao asmac,Other Pension Plan,Switzerland,NR,NR
Association Diocésaine de Paris,Foundation,France,NR,NR
BL Private Assets SCA SICAV RAIF - PE Selection V,Fund-of-Funds,Luxembourg,NR,NR
Brederode International S.a r.l. SICAR,Fund-of-Funds,Luxembourg,NR,NR
CNP Assurances Compte # 204,Insurance Company,France,A,A3
CNP Assurances Compte # 270,Insurance Company,France,A,A3
CNP Assurances - EVJ,Insurance Company,France,A,A3
P&V ASSURANCES SC,Insurance Company,Belgium,NR,NR
ARDIAN LatAm Middle Market II L.P.,Fund-of-Funds,UK,NR,NR
ARDIAN Multi Stratégies FCPR,Fund-of-Funds,France,NR,NR
"BNP Paribas S.A., acting through its IPS Investments department",Financial Institution,France,A+,Aa3
Caisse des dépôts et consignations - Direction des Fonds d'Epargne,Financial Institution,France,AA-,Aa2
Groupama Private Equity Invest,Insurance Company,France,NR,NR
"Kuwait Investment Authority, Acting for and on Behalf of the Government of the State of Kuwait",SWF,Kuwait,A+,A1
Pactinvest SAS,Insurance Company,France,NR,NR
PGGM Private Equity B B.V.,Other Pension Plan,Netherlands,NR,NR
Sogecap - Ref: Percap,Insurance Company,France,NR,NR
Etablissement de Retraite Additionnelle de la Fonction Publique,Other Pension Plan,France,NR,NR
CNP Unicredit Vita Spa,Insurance Company,Italy,NR,NR
GARANCE RETRAITE,Insurance Company,France,NR,NR
"NH Investment & Securities, acting as a trustee of Eugene Europe Midcap PE Private Investment Trust No.1",Fund-of-Funds,South Korea,NR,NR
ERGO Private Capital ERGO Leben GmbH (A),Fund-of-Funds,Germany,NR,NR
ERGO Private Capital Gesundheit GmbH (A),Fund-of-Funds,Germany,NR,NR
ERGO Private Capital Victoria Leben GmbH (A),Fund-of-Funds,Germany,NR,NR
"Fondo de Pensiones de Naturgy, Fondo de Pensiones",Other Pension Plan,Spain,NR,NR
"Fons de Pensions de l'Ambit de la Generalitat, Fondo de Pensiones",Other Pension Plan,Spain,NR,NR
MR Beteiligungen 1. GmbH,Fund-of-Funds,Germany,NR,NR
"Pension Caixa 2, Fondo de Pensiones",Other Pension Plan,Spain,NR,NR
"Pensions Caixa 30, Fondo de Pensiones",Other Pension Plan,Spain,NR,NR
Royale Marocaine d'Assurance,Insurance Company,Morocco,NR,NR
Sedra Holding - Sole Proprietorship L.L.C.,SWF,United Arab Emirates,NR,NR
"Vida-Caixa, S.A. de Seguros y Reaseguros (Unit Linked Account ""Empleados Caixabank "")",Insurance Company,Spain,NR,NR
9655506 Canada Inc,Other Pension Plan,Canada,NR,NR
WL Alternative Investment Fund I,Fund-of-Funds,Luxembourg,NR,NR
WV Alternative Investment Fund I,Fund-of-Funds,Luxembourg,NR,NR
"RABW S.C.S., SICAV-RAIF - TF II",Fund-of-Funds,Luxembourg,NR,NR
Manulife (Singapore) Pte. Ltd.,Insurance Company,Canada,AA-,NR
Abeille IARD,Insurance Company,France,NR,NR
Abeille Retraite Professionnelle (ARP PHF),Insurance Company,France,NR,A2
Abeille Vie (AFER),Insurance Company,France,NR,NR
Abeille Vie PHF,Insurance Company,France,NR,NR
AER SHF,Insurance Company,France,NR,NR
ARP Pacte,Insurance Company,France,NR,NR
ARP Retraite,Insurance Company,France,NR,NR
AltriumThree Assets Pte. Ltd.,Fund-of-Funds,Singapore,NR,NR
AsterInvest Holdings Pte. Ltd,Fund-of-Funds,Singapore,NR,NR
Private Corner Wealth Expansion,Investment Company,,NR,NR
Halisol Private Equity Investments S.C.A. - RAIF,Fund-of-Funds,,NR,NR
GIWA Holding GmbH & Co KGaA,Fund-of-Funds,,NR,NR
S.I.GN Partenaires SA,Corporate,,NR,NR
Staminvest AG,Corporate,,NR,NR
Degroof Petercam PE Fund - ARD XP6 Buy-Out,Fund-of-Funds,,NR,NR
Degroof Private – Vintage Fund 2023,Fund-of-Funds,,NR,NR
Financière FCVL,Fund-of-Funds,,NR,NR
MIC Capital Management 39 RSC Ltd,SWF,,NR,NR
"DSF Placements privés, s.e.n.c",Other Pension Plan,,NR,NR
Expansion Invest 2023,Fund-of-Funds,,NR,NR
Régime de rentes du mouvement Desjardins,Other Pension Plan,,NR,NR
Ergo Private Capital Vorsorge GmbH (A),Fund-of-Funds,,NR,NR
"ACP GLOBAL PRIVATE MARKETS SCA SICAV-RAIF-""ACP PE 7 LOWER MID-MARKET""",Fund-of-Funds,,NR,NR
"ACP Multiactivo III, FCR",Fund-of-Funds,,NR,NR
"ACP Multiactivos II, FCR",Fund-of-Funds,,NR,NR
"AM GESTIO VENTURE CAPITAL S.R.C., S.A",Fund-of-Funds,,NR,NR
"Binicap, SCR, S.A.U.",Fund-of-Funds,,NR,NR
"Dispur Venture, SCR, S.A.",Fund-of-Funds,,NR,NR
Elisa Invest SCR,Fund-of-Funds,,NR,NR
"EXEA CAPITAL S.C.R., SA",Fund-of-Funds,,NR,NR
"Farahoz SCR, S.A.",Fund-of-Funds,,NR,NR
Fondation John Bost,Foundation,,NR,NR
Galma SCR,Fund-of-Funds,,NR,NR
"HISPAVIMA CAPITAL PRIVADO SCR, SA",Investment Company,,NR,NR
"IVIZA CAPITAL S.C.R., SA",Fund-of-Funds,,NR,NR
JUMI INVEST SCR S.A.,Fund-of-Funds,,NR,NR
MAPFRE PRIVATE EQUITY I FCR,Insurance Company,,NR,NR
"Santa Lucia Inversiones Alternativas, FCR",Insurance Company,,NR,NR
"Varini Inversiones SCR, S.A.",Fund-of-Funds,,NR,NR
"WHYMPER 1865, SCR, S.A.",Fund-of-Funds,,NR,NR
"AXA Fund Platform Private Equity S.C.A., SICAV-RAIF - Vintage 2024",Fund-of-Funds,,NR,NR
"AXA Vorsorge Private Markets S.C.S., SICAV-RAIF - Private Equity Vintage 2022",Fund-of-Funds,,NR,NR
Consorcio de Compensación de Seguros,Insurance Company,,NR,NR
FPCI Elevation Miriad II,Fund-of-Funds,,NR,NR
"Landon Investments, SCR, S.A.U",Investment Company,,NR,NR
Pensionskasse Suva,Corporate Pension Plan,,NR,NR
Suva,Insurance Company,,NR,NR
Groupama d'Oc,Insurance Company,,NR,NR
"LuxCo Alternatives S.A., SICAV-FIS",Fund-of-Funds,,NR,NR
Northern Private Equity Pool LP,Fund-of-Funds,,NR,NR
Yarpa Investimenti SGR SpA on behalf of Iota Fondo IX,Fund-of-Funds,,NR,NR
Cathay Life Insurance Co Ltd,Insurance Company,,A-,A3
"Taiwan Life Insurance Co., Ltd",Insurance Company,,BBB+,NR
Anemona PE SCR,Fund-of-Funds,,NR,NR
APICIL PREVOYANCE / portefeuille 210,Insurance Company,,NR,NR
Blastes Actius Privats SCR,Fund-of-Funds,,NR,NR
Crédit Agricole Aquitaine Capital Investissement,Financial Institution,,NR,NR
"CRESCENTA PRIVATE EQUITY BUYOUTS TOP PERFORMERS I, F.C.R.",Fund-of-Funds,,NR,NR
International Fashion Trading S.à r.l.,Corporate,,NR,NR
Kanton Glarus,Other,,NR,NR
Larchpoint 1C LP,Fund-of-Funds,,NR,NR
MC Private Assets SCR,Fund-of-Funds,,NR,NR
PEGASUS EQUITY PARTNERS S.C.A. SICAV-RAIF,Fund-of-Funds,,NR,NR
Pensionskasse Musik und Bildung,Other Pension Plan,,NR,NR
Pensionskasse SWISS Cockpit,Other Pension Plan,,NR,NR
Schuls SCR,Fund-of-Funds,,NR,NR
SWISS Vorsorgestiftung für das Bodenpersonal,Other Pension Plan,,NR,NR
"TANDEM PRIVATE EQUITY II, FCR",Fund-of-Funds,,NR,NR
Tuiga Capital SCR,Fund-of-Funds,,NR,NR
White Peaks Equity Solutions,Investment Company,,NR,NR
Ares Climate Infrastructure Strategies Fund (C) L.P. - CalSTRS,Public Pension Plan,United States,A+,Aa3
Clal Insurance Enterprise Holdings:,Insurance Company,Israel,AA-,NR
State Farm Mutual Automobile Insurance Company (AM Best A++),Insurance Company,United States,AA,NR
HIMCO:,Insurance Company,United States,A+,A1
Pacific Life Insurance Company,Insurance Company,United States,AA-,Aa3
"Tokio Marine & Nichido Fire Insurance Co., Ltd.",Insurance Company,Japan,A+,Aa3
Equitable Financial Life Insurance Company of America,Insurance Company,United States,A+,A1
Power Authority of the State of New York Other Post-Employment Benefits Trust,Corporate Pension Plan,United States,AA+,Aa2
SCOR Reinsurance Company,Insurance Company,France,A+,A1
Kookmin Bank Co. Ltd.,Financial Institution,South Korea,A+,Aa3
New York State Teamsters Conference Pension and Retirement Fund,Other Pension Plan,United States,AA+,Aa1
Laborers' District Coucil and Contractors' Pension Fund of Ohio,Other Pension Plan,United States,AAA,Aaa
The Educational Employees' Supplementary Retirement System of Fairfax County,Public Pension Plan,United States,AAA,Aaa
Michigan Laborers' Pension Fund,Other Pension Plan,United States,AA+,Aa1
Varma Mutual Pension Insurance Company,Insurance Company,Finland,NR,NR
HDI Reinsurance (Ireland) SE,Insurance Company,Ireland,NR,NR
Producer-Writers Guild of America Pension Plan,Other Pension Plan,United States,NR,NR
Allianz SE,Insurance Company,Germany,AA,Aa2
Valtion Eläkerahasto - State Pension Fund of Finland (VER),Public Pension Plan,Finland,NR,NR
Privilege Underwriters Reciprocal Exchange (Pure Insurance - AM Best A),Insurance Company,United States,NR,NR
Morgan Stanley AIP,Fund-of-Funds,United States,NR,NR
Nonghyup Bank as trustee for DBAM Ares Investment Trust No. 1,Fund-of-Funds,South Korea,NR,NR
Poalim Equity Ltd.,Fund-of-Funds,Israel,NR,NR
Ares Private Capital (A) Finance LLC [ADIC],SWF,United States,NR,NR
"NEIPF, LP",Other Pension Plan,United States,NR,NR
"Mercy Investment Services, Inc.",Investment Company,United States,NR,NR
Kern County Electrical Workers Pension Fund,Other Pension Plan,United States,NR,NR
Sheet Metal Workers Local Union No. 17 Supplemental Pension,Other Pension Plan,United States,NR,NR
I.B.E.W. Local 573 Pension Fund,Other Pension Plan,United States,NR,NR
Iron Workers Local 15 & 424 Pension Fund,Other Pension Plan,United States,NR,NR
Morgan Stanley Wealth Management,HNW Platform,United States,NR,NR
Zoma Capital,Family Office,,NR,NR
More Provident Funds and Pension Ltd,Corporate Pension Plan,Israel,NR,NR
Meitav Provident Funds and Pension Ltd.,Other Pension Plan,Israel,NR,NR
ACIP II Co-Invest LP,Fund-of-Funds,United States,NR,NR
Hannover Re Real Estate Holdings Inc.,Fund-of-Funds,United States,NR,NR
HDI AI USD Beteiligungs - GmbH,Fund-of-Funds,Germany,NR,NR
Ares Master Employee Coinvest Program 2023 (Onshore & Offshore),Fund-of-Funds,United States,NR,NR
Proficio Clean Horizons Series,Fund-of-Funds,United States,NR,NR
Climate Infrastructure Fund K/S,Fund-of-Funds,Denmark,NR,NR
Season Investments Alternative Credit & Equity Fund LP,Fund-of-Funds,United States,NR,NR
Randolph Street Ventures LP - 2023-57,Fund-of-Funds,United States,NR,NR
Kav Habriut Provident Fund for Benefits and Compensation (Non Paying) to 50-60 years old,Other Pension Plan,Israel,NR,NR
The IAI Employee’s Cooperative Society For Pension Fund Management Ltd,Corporate Pension Plan,Israel,NR,NR
ACIP II Co-Invest (Offshore) LP,Fund-of-Funds,United States,NR,NR
Ami Government Employees Provident Fund Management Company Ltd.,Other Pension Plan,Israel,NR,NR
"Provident Fund for the Workers of Tel Aviv-Yafo Municipality,  Cooperative Association Ltd.",Other Pension Plan,Israel,NR,NR
Machar – Hevra lenihul kupot gemel ltd – On behalf of kupat gemel Machar,Other Pension Plan,Israel,NR,NR
The Management Company of I.E.C. Workers Education Fund Ltd,Fund-of-Funds,India,NR,NR
Provident Fund  Management Company for The Workers of Tel Aviv - Yafo Municipality  Ltd.,Other Pension Plan,Israel,NR,NR
Ares Management,GP,United States,NR,NR
California Public Employees' Retirement System (CalPERS),Public Pension Plan,United States,AA-,Aa2
National Pension Service (Korea),SWF,South Korea,AA,Aa2
Laura and John Arnold Foundation,Foundation,United States,AA,Aa2
Border to Coast (Aggregate),Other Pension Plan,UK,NR,NR
Western States Carpenters Pension Trust,Other Pension Plan,United States,NR,NR
NongHyup Bank as trustee of Samsung SRA Blackstone Global Debt Private Real Estate Trust No. 1,Fund-of-Funds,South Korea,NR,NR
NongHyup Bank as trustee of Hyundai Investments Global BREDS V Private Real Estate Trust No.23,Fund-of-Funds,South Korea,NR,NR
Liberty Mutual (Aggregate),Insurance Company,United States,A,A2
Carpenters Pension Trust Fund for Northern California,Other Pension Plan,United States,NR,NR
Korea Post Insurance Bureau,Insurance Company,South Korea,NR,NR
"Nonghyup Bank Co., Ltd as trustee of Hyundai Investments Global BREDS V Private Real Estate Trust No.22",Fund-of-Funds,South Korea,NR,NR
Illinois Municipal Retirement Fund,Public Pension Plan,United States,A-,A3
The Rockefeller Foundation,Foundation,United States,NR,NR
"Nonghyup Bank Co., Ltd as trustee of Hyundai Investments Global BREDS V Private Real Estate Trust No.21",Fund-of-Funds,South Korea,NR,NR
Blackstone Real Estate Debt Strategies Associates V L.P. (GP),GP,United States,NR,NR
Special Opportunities Fund - P Series,Fund-of-Funds,United States,NR,NR
Fixed Income Fund - P Series,Fund-of-Funds,United States,NR,NR
Intesa Sanpaolo (Aggregate),Financial Institution,Italy,BBB,Baa1
Teachers’ Retirement Allowances Fund,Other Pension Plan,Canada,NR,NR
Postens Pensionsstiftelse,Public Pension Plan,Germany,NR,NR
School Employees Retirement System of Ohio,Public Pension Plan,United States,AAA,Aaa
Carpenters Annuity Trust Fund for Northern California,Other Pension Plan,United States,NR,NR
NongHyup Bank as Trustee of KB Global Private Real Estate Debt Fund 38,Fund-of-Funds,South Korea,NR,NR
NongHyup as trustee of IGIS BX Global Lending Real Estate Private Investment Trust No. 531,Fund-of-Funds,South Korea,NR,NR
"Finance 1805 SA acting as nominee on behalf of clients
Finance 1805 SA acting as nominee on behalf of clients Ref 1033200",Fund-of-Funds,Switzerland,NR,NR
Samsung SRA Global Multi-manager Real Estate Trust No. 1-2 (Master),Fund-of-Funds,South Korea,NR,NR
Unum Life Insurance Company of America,Insurance Company,United States,A,A2
Carpenters Health and Welfare Trust Fund for California,Other Pension Plan,United States,NR,NR
"Mizuho Leasing Company, Limited",Fund-of-Funds,Japan,NR,NR
"VantageTrust Company, LLC, as trustee, on behalf of the MissionSquare Diversifying Strategies Fund, a series fund of the VantageTrust III Master Collective Investment Funds Trust",Fund-of-Funds,United States,NR,NR
Standard Chartered Bank Korea Limited as trustee of VOGO Debt Strategy Private Real Estate Fund XX,Fund-of-Funds,South Korea,NR,NR
United Brotherhood of Carpenters Pension Fund,Other Pension Plan,United States,NR,NR
HSBC Private Bank (Suisse) SA/Dan David Foundation,Foundation,Switzerland,NR,NR
"Le Mans Fonds SCS, SICAV-FIS – Le Mans Fonds - AI Dachfonds I",Fund-of-Funds,Luxembourg,NR,NR
Teamsters Benefit Trust,Other Pension Plan,United States,NR,NR
Fideuram Vita S.p.A. (Aggregate),Insurance Company,Italy,NR,NR
Anne Ray Foundation,Foundation,United States,NR,NR
FSP Investment Fund S.A. SICAV RAIF – Real Estate 2021,Fund-of-Funds,Luxembourg,NR,NR
"Turqueta Gestion Sil, S.A.",Fund-of-Funds,Spain,NR,NR
Pearl Plaza Holdings LTD,Fund-of-Funds,United Arab Emirates,NR,NR
"Custody Bank of Japan, Ltd. a/c 46457-6035",Other,Japan,NR,NR
"Attorneys’ Liability Assurance Society Ltd., A Risk Retention Group",Foundation,United States,NR,NR
"The Master Trust Bank of Japan, Ltd. acting as trustee for Trust Fund No. 400030234",Endowment,Japan,NR,NR
"St. John's University, New York",Endowment,United States,NR,NR
Margaret A. Cargill Foundation,Foundation,United States,NR,NR
Fixed Income Fund - I Series,Fund-of-Funds,,NR,NR
HSBC Private Bank (Suisse) SA/Fondation Arfo,Foundation,Switzerland,NR,NR
Blackstone Real Estate Debt Strategies Associates V L.P. (G Feeder),GP,United States,NR,NR
Carpenters International Training Fund,Other,United States,NR,NR
Blackstone Real Estate Debt Strategies Associates V L.P. (GP-C),GP,United States,NR,NR
Sutton Lane Ltd.,Fund-of-Funds,Cayman Islands,NR,NR
Stetson Capital Fund III LP,Fund-of-Funds,United States,NR,NR
Blackstone Real Estate Debt Strategies Associates V L.P. (G-Main),GP,United States,NR,NR
Silver Management Ltd,Fund-of-Funds,,NR,NR
Stetson Capital Fund III (QP) LP,Fund-of-Funds,United States,NR,NR
Flourish Investment Corporation,SWF,China,NR,NR
The Public Investment Fund,SWF,South Korea,NR,Aa3
"Korea Investment Corporation, solely in its capacity as agent for the Ministry of Economy and Finance of the Republic of Korea",SWF,South Korea,AA,Aa2
The Northern Trust Company (in its capacity as custodian for the Future Fund Board of Guardians acting in connection with the Future Fund),SWF,Australia,NR,NR
The Northern Trust Company (in its capacity as custodian for the Future Fund Board of Guardians acting in connection with the Medical Research Future Fund),SWF,Australia,NR,NR
"JM Family Enterprises, Inc. Master Retirement Trust",Other Pension Plan,United States,NR,NR
Teachers Retirement System of City of New York,Public Pension Plan,United States,AA,Aa2
New York City Employees' Retirement System,Public Pension Plan,United States,AA,Aa2
Caisse de retraite d’Hydro-Québec,Other Pension Plan,Canada,AA-,Aa2
State Universities Retirement System,Public Pension Plan,United States,A-,A2
Teachers' Retirement System of Louisiana,Public Pension Plan,United States,AA,Aa2
"Cathay Life Insurance Co., Ltd.",Insurance Company,Taiwan,A-,A3
Shell Pension Trust Limited as trustee of the Shell Contributory Pension Fund,Corporate Pension Plan,UK,A+,Aa2
"Fubon Life Insurance Co., Ltd",Insurance Company,Taiwan,A-,A3
"The Bank of New York Mellon, as Trustee of the Raytheon Technologies Corporation Master Retirement Trust",Corporate Pension Plan,United States,A-,Baa1
University of Notre Dame du Lac,Endowment,United States,NR,Aaa
Intesa Sanpaolo S.p.A.,Financial Institution,Italy,BBB,Baa1
The Andrew W. Mellon Foundation,Foundation,United States,AAA,Aaa
Liberty Mutual Insurance Company,Insurance Company,United States,A,A2
Singapore Management University,Endowment,Singapore,NR,Aaa
The Prudential Insurance Company of America,Insurance Company,United States,AA-,Aa3
Carnegie Mellon University,Endowment,United States,AA,NR
Mayo Clinic Master Retirement Trust,Corporate Pension Plan,United States,AA,Aa2
Mayo Clinic,Endowment,United States,AA,Aa2
New York University,Endowment,United States,AA-,Aa2
Swarthmore College,Endowment,United States,AAA,Aaa
The Art Institute of Chicago,Endowment,United States,AA-,Aa3
The Rockefeller University,Endowment,United States,AA,Aa1
Colgate University,Endowment,United States,AA,Aa3
Liberty Mutual Retirement Plan Master Trust,Corporate Pension Plan,United States,BBB,Baa2
The Research Foundation for SUNY,Foundation,United States,A+,A1
The Research Foundation for SUNY Post Retirement Benefits Plan,Other Pension Plan,United States,A+,A1
National Pension Service of the Republic of Korea,Public Pension Plan,South Korea,AA,Aa2
"Comptroller of the State of New York, as trustee of the Common Retirement Fund",Public Pension Plan,United States,AA+,Aa1
South Dakota Investment Council on behalf of South Dakota Retirement System,Public Pension Plan,United States,NR,NR
Missouri Education Pension Trust,Public Pension Plan,United States,AAA,Aaa
New York State Teachers' Retirement System,Public Pension Plan,United States,NR,NR
Korea Teachers' Pension,Public Pension Plan,South Korea,AA,Aa2
State of New Mexico State Investment Council,Public Pension Plan,United States,AA,Aa2
National Railroad Retirement Investment Trust,Other Pension Plan,United States,NR,NR
San Francisco City & County Employees' Retirement System,Public Pension Plan,United States,NR,NR
"Hawaii, Employees' Retirement System of the State of",Public Pension Plan,United States,NR,NR
West Virginia Investment Management Board,Public Pension Plan,United States,NR,NR
Arkansas Teacher Retirement System,Public Pension Plan,United States,AA,Aa1
City of Bradford Metropolitan District Council Administering Authority of West Yorkshire Pension Fund,Public Pension Plan,UK,NR,NR
The Church Pension Fund,Other Pension Plan,United States,NR,NR
Bell Atlantic Master Trust,Corporate Pension Plan,United States,NR,NR
The Robert Wood Johnson Foundation,Foundation,United States,NR,NR
Fundação Calouste Gulbenkian,Foundation,Portugal,NR,NR
Shell Trust (Bermuda) Limited as trustee of the Shell Overseas Contributory Pension Fund duly represented by Shell Asset Management Company B.V.,Corporate Pension Plan,Bermuda,NR,NR
Regime de retraite de l'Universite du Quebec,Corporate Pension Plan,Canada,NR,NR
"Stichting Bedrijfstakpensioenfonds Zorgverzekeraars (""SBZ"")",Insurance Company,Netherlands,NR,NR
Fire and Police Pension Association of Colorado,Public Pension Plan,United States,NR,NR
Cleveland Clinic Foundation,Foundation,United States,NR,NR
Prudential Legacy Insurance Company of New Jersey,Insurance Company,United States,NR,NR
Indiana University Foundation,Foundation,United States,NR,NR
Board of Pensions of the Evangelical Lutheran Church in America d/b/a Portico Benefits Services,Other Pension Plan,United States,NR,NR
Euro Riverview Private Limited,SWF,Singapore,NR,NR
Real Zenith Investment Company Limited,SWF,Hong Kong,NR,NR
Al Sariya Third Commercial Investments RSC Limited,SWF,United Arab Emirates,NR,NR
Allianz Finance IX Luxembourg S.A.,Fund-of-Funds,Luxembourg,NR,NR
Oboth Dekar Investment Ltd.,SWF,Hong Kong,NR,NR
Platinum Spring B 2019 RSC Limited,SWF,United Arab Emirates,NR,NR
Chengdong Investment Corporation,SWF,China,NR,NR
Kuwait Investment Authority acting for and on behalf of the Government of the State of Kuwait,SWF,Kuwait,A+,A1
Public Investment Fund,SWF,Saudi Arabia,NR,NR
Green Leaf Investment Holdings Sole Proprietorship LLC,SWF,United Arab Emirates,NR,NR
Texas County & District Retirement System,Public Pension Plan,United States,NR,NR
"STRS Ohio Opportunity European Real Estate Investments II, LLC",Public Pension Plan,United States,NR,NR
Mithaq Holding - Sole Proprietorship L.L.C.,SWF,Saudi Arabia,NR,NR
Cadim Fonds Inc.,SWF,Canada,NR,NR
Sanabil Real Estate Investments Company,SWF,Saudi Arabia,NR,NR
SA Real Estate Investments 1 Limited,SWF,Guernsey,NR,NR
Texas Treasury Safekeeping Trust Co.,Public Pension Plan,United States,NR,NR
University of Houston System,Endowment,United States,AA,Aa2
"BREP Europe VI Real Estate Fund, LP",Fund-of-Funds,Luxembourg,NR,NR
Private Equity Premium Offering 2019 - BREP Europe VI L.P.,Fund-of-Funds,United States,NR,NR
"Blackstone Real Estate Partners Europe VI (iCapital), L.P.",Fund-of-Funds,United States,NR,NR
"Stripe 65, a sub fund of Key Closed Ended Alternative Platform ICAV by UBS Switzerland AG",Fund-of-Funds,Ireland,NR,NR
"Kookmin Bank, as trustee of Tiger Alternative Qualified Investment Real Estate Trust No.13",Fund-of-Funds,South Korea,NR,NR
Global Value Property Fund (Ocorian Fund Management Sarl),Fund-of-Funds,Luxembourg,NR,NR
Brown Brothers Harriman & Co. as Custodian for AFP Integra S.A. fbo  IN-FONDO2 1001544,Fund-of-Funds,Peru,NR,NR
"Bellavista Feeder Fund II, SICAV-RAIF - Bellavista II BREP Europe VI",Fund-of-Funds,Luxembourg,NR,NR
"International Equity Fund - P Series, a series of the Wespath Funds Trust, by its trustee UMC Benefit Board, Inc.",Fund-of-Funds,United States,NR,NR
Compass BREP Europe VI Real Estate Fondo de Inversion,Fund-of-Funds,Spain,NR,NR
SP RE Barrow Acquisitions L.P.,Fund-of-Funds,United States,NR,NR
Matrix Fund Investments Ltd. SAC - Class MK,Fund-of-Funds,Bahamas,NR,NR
"JPMorgan Chase Bank, N.A., as Trustee of the Boeing Company Employee Retirement Plans Master Trust",Corporate Pension Plan,United States,NR,NR
"Partners Capital Condor Fund XII, LP",Fund-of-Funds,United States,NR,NR
"AFP Habitat S.A. on behalf Pension Funds Type A, B, C, D and E",Other Pension Plan,Chile,NR,NR
"BREP Europe VI Real Estate Fund (Offshore), LP",Fund-of-Funds,United States,NR,NR
LO Private Equity Investments,Fund-of-Funds,,NR,NR
Growth Value Securities Ltd.,Fund-of-Funds,Cayman Islands,NR,NR
AF Investment International III Limited,Fund-of-Funds,Cayman Islands,NR,NR
"iCapital BREP Europe VI Access Fund, LP",Fund-of-Funds,United States,NR,NR
"Formuesforvaltning Private Markets plc acting solely on behalf of its sub-fund, Real Estate 2019",Fund-of-Funds,Ireland,NR,NR
"iCapital BREP Europe VI Offshore Access Fund, LP",Fund-of-Funds,United States,NR,NR
Intesa Sanpaolo Vita S.p.a. - Fondo Base Sicura,Fund-of-Funds,Italy,NR,NR
Intesa Sanpaolo Vita S.p.a. - Trendifondo Intesa Vita,Fund-of-Funds,Italy,NR,NR
Clearstream Banking S.A. AFS DNB/Gabler/Nominee,Fund-of-Funds,Chile,NR,NR
Beneva Inc.(3),Insurance Company,Canada,NR,NR
Intesa Sanpaolo Vita S.p.a. - Fondo Vivapiu,Fund-of-Funds,Italy,NR,NR
"Hermandad Nacional de Arquitectos Superiores y Quimicos, MPSPF",Fund-of-Funds,Spain,NR,NR
ALTAN IV GLOBAL IICIICIL,Fund-of-Funds,Spain,NR,NR
Matrix Fund Investments Ltd. SAC - Class AG,Fund-of-Funds,Bahamas,NR,NR
"City National Bank, Trustee Paul Hastings LLP Defined Benefit Retirement Plan for Partners",Other Pension Plan,United States,NR,NR
Herbert H. & Grace A. Dow Foundation,Foundation,United States,NR,NR
HO Fund B Foreign Income Blocker LLC,Fund-of-Funds,United States,NR,NR
Warren Alpert Foundation,Foundation,United States,NR,NR
Aga Khan University Foundation,Foundation,Switzerland,NR,NR
GT Fund B Foreign Income Blocker LLC,Fund-of-Funds,United States,NR,NR
Global Horizon Fund of Funds,Fund-of-Funds,Cayman Islands,NR,NR
Real Estate Europe I Segregated Portfolio,Fund-of-Funds,Cayman Islands,NR,NR
South Dakota Investment Council on behalf of the State of South Dakota-Education Enhancement Trust Fund,Public Pension Plan,United States,AAA,Aaa
Intesa Sanpaolo Vita S.p.a. - Fondo Vivadue,Fund-of-Funds,Italy,NR,NR
"Monte Rosa funds II, SICAV-RAIF - Monte Rosa Real Estate III",Fund-of-Funds,Luxembourg,NR,NR
Key Capital - Private Equity Funds PLC on behalf of Key Capital - Private Equity Real Estate II,Fund-of-Funds,Ireland,NR,NR
"International Private Real Estate Fund - I Series, a series of the Wespath Funds Trust, by its trustee Wespath Institutional Investments LLC",Fund-of-Funds,United States,NR,NR
MSF Real Estate Fund LLC,Fund-of-Funds,United States,NR,NR
Halisol Private Equity Investments SCA RAIF,Fund-of-Funds,Luxembourg,NR,NR
Fondation INSEAD,Foundation,France,NR,NR
Freshwater Investments Limited,Investment Company,UK,NR,NR
Strategic Partners Real Estate VII Investments L.P.,Fund-of-Funds,United States,NR,NR
CT Private Investments LP,Fund-of-Funds,,NR,NR
"South Dakota Investment Council on behalf of the State of South Dakota-Dakota Cement Trust Fund (Trust Fund Created under Art. XIII, Sec. 20 of the South Dakota Constitution)",Public Pension Plan,United States,NR,NR
South Dakota Investment Council on behalf of The State of South Dakota-School & Public Lands Trust Fund,Public Pension Plan,United States,AAA,Aaa
"The University of Maryland Foundation, Inc.",Foundation,United States,NR,NR
Foundation Investments of Ohio Ltd.,Investment Company,United States,NR,NR
"Manbro R.E. V, LLC",Fund-of-Funds,United States,NR,NR
Finance 1805 SA on behalf of Caisse de retraite du Groupe Pictet,Corporate Pension Plan,Switzerland,NR,NR
Windsong Trust,Foundation,United States,NR,NR
University of South Dakota Foundation,Foundation,United States,NR,NR
Altec / Styslinger Foundation,Foundation,UK,NR,NR
Huo Family Foundation (UK) Limited,Foundation,UK,NR,NR
Metropolitan Opera Association Retirement Plan,Other Pension Plan,United States,NR,NR
South Dakota Investment Council on behalf of the State of South Dakota-Health Care Trust Fund,Public Pension Plan,United States,AAA,Aaa
The Pierre and Tana Matisse Foundation,Foundation,United States,NR,NR
SOFAZ Europe SCS,SWF,,NR,NR
"Mousserena, L.P.",Investment Company,,NR,NR
Blackstone Real Estate Associates Europe VI L.P.,GP,,NR,NR
Toba Holdings Ltd.,Fund-of-Funds,,NR,NR
EOSon Investments M Limited,Fund-of-Funds,,NR,NR
EOSon Investments N Limited,Fund-of-Funds,,NR,NR
Blackstone Real Estate Associates Europe VI L.P. (GP excess),GP,,NR,NR
"Medley Partners 4SB, L.P., on behalf of Series 2019",Fund-of-Funds,,NR,NR
Pelecanus Investments (US) Inc.,Fund-of-Funds,,NR,NR
Weybourne Holdings Pte. Ltd.,Fund-of-Funds,,NR,NR
Iceland NFP B Ltd.,Fund-of-Funds,,NR,NR
Jatoba Investment Fund SPC,Fund-of-Funds,,NR,NR
Pearl Brook Investments Limited,Insurance Company,,NR,NR
Orano Recyclage,Corporate,,NR,NR
Garlen Investments Ltd.,Investment Company,,NR,NR
Fox Family Investment Holdings LLC,Investment Company,,NR,NR
"Charles, Frederic & Co., as Nominee for The Bank of New York Mellon FBO Blackstone Harrington Partners, L.P.",Investment Company,,NR,NR
Norastars Ltd.,Fund-of-Funds,,NR,NR
Davycrest Nominees,Investment Company,,NR,NR
"Moussefixe, L.P.",Fund-of-Funds,,NR,NR
Valinvest Limited,Other,,NR,NR
CR SRL,Fund-of-Funds,,NR,NR
Fairy Bells Holdings Ltd.,Fund-of-Funds,,NR,NR
Portman Square Private Funds SICAV-SIF - Portman Square Real Estate II,Fund-of-Funds,,NR,NR
Alettar LLC,Fund-of-Funds,,NR,NR
Moussescale,Investment Company,,NR,NR
M10 Real Estate LP,Fund-of-Funds,,NR,NR
"Medley Partners 4FD, L.P., on behalf of Series 2019",Fund-of-Funds,,NR,NR
Front Row Duo AB,Fund-of-Funds,,NR,NR
"Terra INVS-SPV, Ltd.",Fund-of-Funds,,NR,NR
NB RESOF Holdings LP,Fund-of-Funds,,NR,NR
MREP SEC-II-INVS-Orsus LLC,Fund-of-Funds,,NR,NR
2019 Robin Limited,Fund-of-Funds,,NR,NR
Arisca S.R.L.,Fund-of-Funds,,NR,NR
Halti Holdings Ltd.,Fund-of-Funds,,NR,NR
Hyga Fund,Fund-of-Funds,,NR,NR
Lunova S.A.,Fund-of-Funds,,NR,NR
MaxEss II LLC,Fund-of-Funds,,NR,NR
Tilad Real Estate Funds Investment Limited,Fund-of-Funds,,NR,NR
Breyer Capital L.L.C.,Fund-of-Funds,,NR,NR
"Randolph Street Ventures, L.P. - 2019-51",Fund-of-Funds,,NR,NR
Everblue BREP Europe 2019 LLC,Fund-of-Funds,,NR,NR
"RWF Fund, L.P.",Fund-of-Funds,,NR,NR
"Wendel Holdings, LLC",Fund-of-Funds,,NR,NR
Iceland A LLC,Fund-of-Funds,,NR,NR
Kearney Investors LLC,Fund-of-Funds,,NR,NR
Private Markets Fund 2019 LP,Fund-of-Funds,,NR,NR
Bluewater Investments Limited,Investment Company,,NR,NR
Consent Holdings Limited,Fund-of-Funds,,NR,NR
Harald Quandt Family Trust GmbH,Fund-of-Funds,,NR,NR
Sojecci II Ltée,Fund-of-Funds,,NR,NR
Sunstream Holdings Limited,Fund-of-Funds,,NR,NR
Olympic Investments Inc.,Fund-of-Funds,,NR,NR
Bonyan Investments Limited,Fund-of-Funds,,NR,NR
JLR Partners III LLC,Fund-of-Funds,,NR,NR
Kloof Capital Limited,Fund-of-Funds,,NR,NR
Ronsam Management LLC,Fund-of-Funds,,NR,NR
AHM Partnership Limited,Fund-of-Funds,,NR,NR
Core Investments,Fund-of-Funds,,NR,NR
M.S. Corporation Limited,Corporate,,NR,NR
F Family 2018 Investments Ltd,Fund-of-Funds,,NR,NR
"AUGUST S.C.A., SICAR",Fund-of-Funds,,NR,NR
Cerise Properties (Jersey) Limited,Fund-of-Funds,,NR,NR
SoLu Malta Limited,Fund-of-Funds,,NR,NR
Religious of the Assumption,Other,,NR,NR
DO Global Real Estate GbR,Fund-of-Funds,,NR,NR
First Alliance Trust & Advisory Ltd as Trustee of the Pine Inn Trust,Fund-of-Funds,,NR,NR
Epiphron n.v.,Fund-of-Funds,,NR,NR
Oberland S.A.-S.P.F.,Fund-of-Funds,,NR,NR
Critango,Fund-of-Funds,,NR,NR
Teachers' Retirement System of the City of New York,Public Pension Plan,United States,AA,Aa2
"Criteria Caixa, S.A.U.",Financial Institution,Spain,NR,Baa1
Challenger Life Company Limited,Insurance Company,Australia,A,NR
Shell Pension Trust,Corporate Pension Plan,UK,A+,Aa3
Security Life of Denver Insurance Company,Insurance Company,United States,NR,Baa1
The University of Chicago,Endowment,United States,AA-,Aa2
Board of Education Retirement System of the City of New York,Public Pension Plan,United States,AA,Aa2
The Northern Trust Company in its capacity as custodian for Future Fund Board of Guardians acting in connection with the Future Fund,SWF,Australia,NR,NR
Korea Teacher's Pension,Public Pension Plan,South Korea,NR,NR
"British Overseas Bank Nominees Limited, in their capacity as nominee for and on behalf of NatWest Trustee and Depositary Services Limited as depositary (and not otherwise) of the LPPI Real Estate Fund, a sub-fund of the LPPI Real Estate ACS",Fund-of-Funds,UK,NR,NR
Host-Plus Pty Limited ATF Hostplus Pooled Superannuation Trust,Other Pension Plan,Australia,NR,NR
Minnesota State Board of Investments,Public Pension Plan,United States,NR,NR
Michael & Susan Dell Foundation,Foundation,United States,NR,NR
Valtion Eläkerahasto,Public Pension Plan,Finland,NR,NR
The Cleveland Clinic Foundation,Foundation,United States,NR,NR
W.K. Kellogg Foundation Trust,Foundation,United States,NR,NR
Adventist Health System Sunbelt Healthcare Corporation,Corporate,United States,AA,NR
"JPMorgan Chase Bank, N.A., as Directed Trustee of the Boeing Company Employee Retirement Plans Master Trust",Corporate Pension Plan,United States,NR,NR
Casey Family Programs,Foundation,United States,NR,NR
GJENSIDIGESTIFTELSEN,Foundation,Norway,NR,NR
CPP Investment Board Real Estate Holdings Inc.,Public Pension Plan,Canada,NR,NR
Euro Riverview Pte Ltd,SWF,Singapore,NR,NR
"State Street Trust and Banking Co., Ltd., acting solely in its capacity as trustee for trust account NO. 2381101 and not in its personal capacity",SWF,Japan,NR,NR
Oxford Properties Industrial (European) Investor I Inc,Fund-of-Funds,Canada,NR,NR
Equity Trustees Limited as Trustee for RLA Unlisted Real Estate Fund,Fund-of-Funds,Australia,NR,NR
AIA VCC for a/c AIA REAL ESTATE FUND 2023,Fund-of-Funds,Singapore,NR,NR
Platinum Spring B RSC Limited,SWF,United Arab Emirates,NR,NR
Financière de Chinon - S,Investment Company,France,NR,NR
NongHyup Bank as Trustee of KB Global Private Real Estate Fund 33,Fund-of-Funds,South Korea,NR,NR
Everlake Private Fund I LLC,Fund-of-Funds,United States,NR,NR
The Northern Trust Company (in its capacity as custodian for Future Fund Board of Guardians acting in connection with the Medical Research Future Fund),SWF,Australia,NR,NR
Weybourne Holdings Pte. Ltd.,Family Office,Singapore,NR,NR
Migdal Makefet Pension and Provident Funds Ltd.,Other Pension Plan,Israel,NR,NR
"AFP Habitat S.A. on behalf of Pension Funds Type A, B, C, D and E",Other Pension Plan,Chile,NR,NR
"International Equity Fund - P Series, by its trustee UMC Benefit Board, Inc.",Fund-of-Funds,United States,NR,NR
"Formuesforvaltning Private Markets Plc, acting solely on behalf of its sub-fund Real Estate 2023",Fund-of-Funds,Ireland,NR,NR
NongHyup Bank as Trustee of KB Global Private Real Estate Fund 36,Fund-of-Funds,South Korea,NR,NR
Ikleel Hospitality Holdings LLC,SWF,Saudi Arabia,NR,NR
Passaic Fund LLC,Fund-of-Funds,United States,NR,NR
Migdal Insurance Company Ltd.,Insurance Company,Israel,NR,NR
"Blackstone Diversified Alternatives IDF Series Interest of the SALI Multi-Series Fund, L.P.",Fund-of-Funds,United States,NR,NR
Compass BREP Europe VII Real Estate Fondo de Inversion,Fund-of-Funds,,NR,NR
Manulife Real Asset Fund,Fund-of-Funds,Luxembourg,NR,NR
Russell Investments Private Markets Fund 2023 SCSp,Fund-of-Funds,Luxembourg,NR,NR
NongHyup Bank as Trustee of KB Global Private Real Estate Fund 35,Fund-of-Funds,South Korea,NR,NR
HQT BS RE VII GmbH & Co. KG,Fund-of-Funds,Germany,NR,NR
"Blackstone Private Strategies IDF Series Interest of the SALI Multi-Series Fund, L.P.",Fund-of-Funds,United States,NR,NR
"SOPAI SICAV-RAIF, sub-Fund SOPAI-RE",Fund-of-Funds,Luxembourg,NR,NR
Inversiones Odisea,Family Office,Chile,NR,NR
Citco Global Custody NV Ref Blackstone Uno Fund (Lux) SCSp,Fund-of-Funds,Luxembourg,NR,NR
Å Energi Pensjonskasse,Other Pension Plan,Norway,NR,NR
"Suomen Itsenäisyyden juhlarahasto (Sitra, the Finnish Innovation Fund)",Endowment,Finland,NR,NR
Intesa Sanpaolo Assicurazioni S.p.A. – Fondo Base Sicura,Fund-of-Funds,Italy,NR,NR
Davycrest Nominees,Investment Company,Ireland,NR,NR
"Bellavista Feeder Fund II, SICAV-RAIF - Bellavista II BREP Europe VII",Fund-of-Funds,Luxembourg,NR,NR
"International Private Real Estate Fund - I Series, by its trustee Wespath Institutional Investments LLC",Fund-of-Funds,United States,NR,NR
VREP II Blackmore Holdings LP,Fund-of-Funds,United States,NR,NR
"Randolph Street Ventures, L.P. - 2023-50",Fund-of-Funds,United States,NR,NR
Intesa Sanpaolo Assicurazioni S.p.A. - Trendifondo Intesa Vita,Fund-of-Funds,Italy,NR,NR
Fondation Mondiale INSEAD,Foundation,France,NR,NR
Skagerak Energi Pensjonskasse,Other Pension Plan,Norway,NR,NR
Intesa Sanpaolo Assicurazioni S.p.A. - ISV Fondo Cresci Tempo,Fund-of-Funds,Italy,NR,NR
Intesa Sanpaolo Assicurazioni S.p.A. - Fondo Vivapiu,Fund-of-Funds,Italy,NR,NR
Harald Quandt Family Trust GmbH,Family Office,Germany,NR,NR
"Monte Rosa Funds II, SICAV RAIF - Monte Rosa Real Estate IV",Fund-of-Funds,Luxembourg,NR,NR
Intesa Sanpaolo Assicurazioni S.p.A. - Fondo Vivadue,Fund-of-Funds,Italy,NR,NR
Intesa Sanpaolo Assicurazioni S.p.A. - Fondo Base Performance,Fund-of-Funds,Italy,NR,NR
"Molines Patrimonial, SL",Fund-of-Funds,Spain,NR,NR
"ACP Multiactivo II, FCR",Fund-of-Funds,Spain,NR,NR
Fideuram Vita S.p.A. - PRE.V.I.,Fund-of-Funds,Italy,NR,NR
Fideuram Vita S.p.A. - Fondo FV Vivadue,Fund-of-Funds,Italy,NR,NR
"ACP Multiactivo III, FCR",Fund-of-Funds,Spain,NR,NR
"The Austin E. Knowlton Foundation, Inc.",Foundation,United States,NR,NR
SOFAZ Europe S.C.S,SWF,,NR,NR
Teacher Retirement System of Texas,Public Pension Plan,,AAA,Aaa
Blackstone Real Estate Associates Europe VII (LUX) S.à r.l.,GP,,NR,NR
Private Markets Premium Offering 2023 – BREP Europe VII L.P.,Fund-of-Funds,,NR,NR
Sounio LLC,Investment Company,,NR,NR
Global Value Property Fund - Fund II (2025),Fund-of-Funds,,NR,NR
"Terra INVS-SPV, Ltd",Fund-of-Funds,,NR,NR
THOMVEST SEED CAPITAL INC.,Fund-of-Funds,,NR,NR
"Citicorp Nominees Pty Ltd ABN 37 000 809 030 ANF Citibank N.A., Hong Kong Branch ACF Channel Investment Management Ltd ATF Trust B",Fund-of-Funds,,NR,NR
HFI Global AG,Investment Company,,NR,NR
"EMUN Opportunistic Real Estate Access, otevrený podílový fond",Fund-of-Funds,,NR,NR
"Turqueta Gestion S.I.L, S.A.",Fund-of-Funds,,NR,NR
Fonds de Garantie des Victimes des actes de Terrorisme et d'autres Infractions,Fund-of-Funds,,NR,NR
C.R. S.R.L.,Fund-of-Funds,,NR,NR
Colam Entreprendre,Investment Company,,NR,NR
WoKap Beteiligungs GmbH,Fund-of-Funds,,NR,NR
New Corp. Limited,Fund-of-Funds,,NR,NR
"Alettar, LLC",Fund-of-Funds,,NR,NR
Border & Cie SCmA,Fund-of-Funds,,NR,NR
Khamsin Limited,Fund-of-Funds,,NR,NR
Lauenen SCSp,Fund-of-Funds,,NR,NR
ASB Bank Corp.,Financial Institution,,NR,NR
Front Row P5 (E) AB,Fund-of-Funds,,NR,NR
"Citicorp Nominees Pty Ltd ABN 37 000 809 030 ANF Citibank N.A., Hong Kong Branch ACF Channel Investment Management Ltd ATF Trust A",Fund-of-Funds,,NR,NR
Community Trust South,Fund-of-Funds,,NR,NR
MF Real Assets LLC,Fund-of-Funds,,NR,NR
"425 Private Fund II, LP",Fund-of-Funds,,NR,NR
Godel Holding,Fund-of-Funds,,NR,NR
"Orilla Asset Management, S.L.",Investment Company,,NR,NR
Vedra ANT GmbH,Fund-of-Funds,,NR,NR
MZI Holding Limited,Fund-of-Funds,,NR,NR
PCFG Real Estate Fund Ltd.,Fund-of-Funds,,NR,NR
Global Horizon Fund of Funds,Fund-of-Funds,,NR,NR
"Ronsam Management, LLC",Fund-of-Funds,,NR,NR
City Hall Capital LLC,Fund-of-Funds,,NR,NR
Clearstream Banking S.A. AFS DNB/Gabler/Nominee,Fund-of-Funds,,NR,NR
Inca Finanziaria s.r.l.,Fund-of-Funds,,NR,NR
Solidarity Investments Limited,Fund-of-Funds,,NR,NR
Caraz Establishment,Fund-of-Funds,,NR,NR
DAMAVENGO INVERSIONES SL,Fund-of-Funds,,NR,NR
Rothschild and Co Bank AG acting as nominee on behalf of 5001945,Fund-of-Funds,,NR,NR
SIROYVA SL,Fund-of-Funds,,NR,NR
Elidoza Promocion De Empresas SL,Fund-of-Funds,,NR,NR
Sovereign Invest Global Private Markets Fund I - a subfund of Sovereign Invest Global SICAV,Fund-of-Funds,,NR,NR
ONG Invest Private Markets Fund I - a subfund of ONG Invest SICAV,Fund-of-Funds,,NR,NR
MONDIAN Invest Private Markets Fund I - a subfund of MONDIAN Invest SICAV,Fund-of-Funds,,NR,NR
Inversiones Tepeyac SpF S.à.r.l.,Fund-of-Funds,,NR,NR
AAS DE Holdings LLC,Fund-of-Funds,,NR,NR
UAB Yukon Investment Company,Investment Company,,NR,NR
FUNDACION EMMANUEL,Foundation,,NR,NR
Colunquen LP,Fund-of-Funds,,NR,NR
Aurora Asset Limited,Fund-of-Funds,,NR,NR
Fondo Sabbi Global Opportunities Fund - Fondo de Inversión,Fund-of-Funds,,NR,NR
Fundacion Adolfo Ibanez,Foundation,,NR,NR
Qvadrat Technology GmbH,Fund-of-Funds,,NR,NR
HSBC Private Bank (Suisse) SA / AN299,Fund-of-Funds,,NR,NR
UNION BANCAIRE PRIVEE REF: 1278,Fund-of-Funds,,NR,NR
16075410 Canada Inc.,Other,,NR,NR
MSL Trust,Fund-of-Funds,,NR,NR
"Cornerstone Capital, Inc.",Fund-of-Funds,,NR,NR
NPI GROUP FAMILY LIMITED PARTNERSHIP,Fund-of-Funds,,NR,NR
Tarenna I Pte. Ltd.,Fund-of-Funds,,NR,NR
LAYLA INVESTMENTS,Fund-of-Funds,,NR,NR
Tregale Group Limited,Fund-of-Funds,,NR,NR
Lombard International Assurance SA - P68872,Fund-of-Funds,,NR,NR
"The State of Connecticut, acting through its Treasurer",Public Pension Plan,United States,AA-,Aa3
"Hanwha Life Insurance Co., Ltd.",Insurance Company,South Korea,A,A2
Master Trust Between Pfizer Inc and The Northern Trust Company,Corporate,United States,A,A2
San Joaquin County Employees' Retirement Association,Public Pension Plan,United States,AA,Aa2
Johnson & Johnson Pension and Savings Plans Master Trust,Corporate Pension Plan,United States,AAA,Aaa
Nationwide Life Insurance Company,Insurance Company,United States,A+,A1
San Jose Police and Fire Department Retirement Plan,Public Pension Plan,United States,AA+,Aa1
The Great Eastern Life Assurance Company (Aggregated),Insurance Company,Singapore,AA-,NR
Pacific Life Insurance,Insurance Company,United States,AA-,Aa3
Sutter Health (Aggregate),Insurance Company,United States,A+,A1
Factory Mutual Insurance Company,Insurance Company,United States,AA-,NR
Fire and Police Employees' Retirement System of the City of Baltimore,Public Pension Plan,United States,AA,Aa2
"Kookmin Bank Co., Ltd.",Financial Institution,South Korea,A+,Aa3
"Rutgers, The State University- D.B.A. Rutgers, The State University of New Jersey Long-Term Investment Pool",Endowment,United States,A+,Aa3
Henry Ford Health System,Corporate,United States,A,A2
US BANK NA AS DIRECTED TRUSTEE FOR THE Hormel Foods Corporation Master Defined Benefit Trust,Corporate Pension Plan,United States,A-,A1
Museum Associates dba Los Angeles County Museum of Art,Foundation,United States,NR,A3
The United Nations on behalf of the United Nations Joint Staff Pension Fund – IPI Partners(1),Public Pension Plan,United States,NR,NR
STATE BOARD OF ADMINISTRATION OF FLORIDA ACTING ON BEHALF OF THE FLORIDA RETIREMENT SYSTEM TRUST FUND,Public Pension Plan,United States,NR,NR
State of New Mexico State Investment Council(1),Public Pension Plan,United States,NR,NR
Arkansas Public Employees Retirement System (APERS),Public Pension Plan,United States,NR,NR
U.S. Steel Retirement Plan Trust,Corporate Pension Plan,United States,NR,NR
Retirement Board of Bert Bell Pete Rozelle NFL Player Retirement Plan,Corporate Pension Plan,United States,NR,NR
Good Ventures Foundation,Foundation,United States,NR,NR
Arkansas Local Police and Fire Retirement System,Public Pension Plan,United States,AA,Aa1
Retirement Plan for Employees of the Federal Reserve System Trust,Corporate Pension Plan,United States,NR,NR
Aphorism Foundation,Foundation,United States,NR,NR
INTERNATIONAL FASHION TRADING S.à r.l.,Corporate,Luxembourg,NR,NR
UFCW Consolidated Pension Fund,Other Pension Plan,United States,NR,NR
Electrical Contractors’ Association & Local Union No. 134 I.B.E.W. Joint Pension Trust of Chicago,Other Pension Plan,United States,NR,NR
Board of Trustee City of Florida Police and Fire Pension Fund,Public Pension Plan,United States,NR,NR
Rhode Island Employees Retirement Systems Pooled Trust,Public Pension Plan,Finland,NR,NR
City of Jacksonville Employees Retirement System,Public Pension Plan,United States,NR,NR
Laborers’ District Council and Contractors’ Pension Fund of Ohio,Other Pension Plan,United States,NR,NR
The Educational Employees’ Supplementary Retirement System of Fairfax County,Public Pension Plan,United States,AAA,Aaa
I.A.M. National Pension Fund,Other Pension Plan,United States,NR,NR
Michigan Laborers’ Pension Fund,Other Pension Plan,United States,AA+,Aa1
"Sheet Metal Workers’ Local Union No. 100 Washington, D.C. Area Pension Fund",Other Pension Plan,United States,NR,NR
General Organization for Social Insurance,SWF,Saudi Arabia,NR,NR
Platinum Desert B 2019 RSC Limited,SWF,United Arab Emirates,NR,NR
Nevado Investments Pte. Ltd.,SWF,Singapore,NR,NR
Q REIT Holding LLC,SWF,Qatar,NR,NR
Texas Permanent School Fund Corporation,Investment Company,United States,NR,NR
Windom Investments Pte. Ltd.,SWF,Singapore,NR,NR
Sal Riona Limited,SWF,China,NR,NR
Lunate Fund of Funds I LP,Fund-of-Funds,United Arab Emirates,NR,NR
Al Madar Commercial Investments LLC,Investment Company,Kuwait,NR,NR
"Blue Owl Collaborative Managed Account (CMA), L.P.",Fund-of-Funds,United States,NR,NR
Real Assets Portfolio 2022 LP,Fund-of-Funds,United States,NR,NR
Menora Mivtachim Pensions and Gemel Ltd (QFPF),Other Pension Plan,Israel,NR,NR
Real Assets Portfolio 2021 LP,Other Pension Plan,United States,NR,NR
Scitta Investment LLC,Investment Company,United States,NR,NR
The Environment Fund,Foundation,United States,NR,NR
NongHyup Bank as trustee for KIAMCO Data Center Private Investment Trust,Other Pension Plan,United States,NR,NR
"HanseMerkur Digital Infrastructure SCSp, SICAV-RAIF",Fund-of-Funds,Luxembourg,NR,NR
Maj Invest Energy Transition I K/S,Fund-of-Funds,Denmark,NR,NR
"Northern California Laborers Pension Fund Private Market Holdings, LLC By: Laborers Pension Trust Fund For Northern California, as sole member",Other Pension Plan,United States,NR,NR
THL A6 Limited,Investment Company,United States,NR,NR
Karrick Limited (Mittal),Investment Company,Guernsey,NR,NR
Itau PE Feeders SPC – Galaxy IPI Partners III Segregated Portfolio,Fund-of-Funds,Cayman Islands,NR,NR
Southern California United Food & Commercial Workers Unions and Food Employers Joint Pension Trust Fund,Other Pension Plan,United States,NR,NR
Praesidium Capital Pte. Ltd.,Investment Company,Singapore,NR,NR
Liberty Structured Holdings LLC,Investment Company,United States,NR,NR
Pacific Investment Resources Limited,Investment Company,British Virgin Islands,NR,NR
SP RE Roebling Acquisitions L.P.,Fund-of-Funds,United States,NR,NR
Skip Enterprises Pty Limited ATF Farquhar Trust,Fund-of-Funds,Australia,NR,NR
Global Equity Investment - Sole Proprietorship LLC,Fund-of-Funds,United Arab Emirates,NR,NR
Massachusetts Laborers' Annuity Fund,Other Pension Plan,United States,NR,NR
Far East Ventures Pte. Ltd.,Family Office,Singapore,NR,NR
Mediolanum Farmaceutici S.P.A.,Corporate,Italy,NR,NR
"Wildcat Alpha, LLC",Fund-of-Funds,United States,NR,NR
Menora Mivtachim Insurance Ltd,Insurance Company,Israel,NR,NR
"Northern California Laborers Annuity Fund Private Market Holdings, LLC",Other Pension Plan,United States,NR,NR
United States Steel Corporation Represented Retirees Benefit Trust,Other Pension Plan,United States,NR,NR
Fondo de Capital Privado Colpatria Internacional,Fund-of-Funds,Colombia,NR,NR
Beachhead Special Opportunities LLC,Investment Company,United States,NR,NR
"ICQ HOLDINGS AT, LLC",Fund-of-Funds,United States,NR,NR
Menora Properties and Investments Ltd,Fund-of-Funds,Israel,NR,NR
Massachusetts Laborers' Pension Fund,Other Pension Plan,United States,NR,NR
H. E. Butt Foundation,Foundation,United States,NR,NR
"StepStone T Real Estate Opportunities Fund, L.P.",Fund-of-Funds,United States,NR,NR
Haworth Master Pension Trust,Corporate Pension Plan,United States,NR,NR
Kleinheinz Family Foundation for the Arts & Education,Foundation,United States,NR,NR
LRAF HOLDINGS XVI WATT LP,Fund-of-Funds,United States,NR,NR
The Henry J. Kaiser Family Foundation,Foundation,United States,NR,NR
CT Offshore Private Equity Fund LP,Fund-of-Funds,Cayman Islands,NR,NR
Jeff and Marieke Rothschild Foundation,Foundation,United States,NR,NR
Fidelity Investments Charitable Gift Fund – FBO 1038527,Fund-of-Funds,United States,NR,NR
Fidelity Investments Charitable Gift Fund - FBO 1049220,Fund-of-Funds,United States,NR,NR
"JYCO, LLC",Fund-of-Funds,United States,NR,NR
ORPHEUS TRUST,Foundation,UK,NR,NR
"HFI Partners, LLC",Fund-of-Funds,United States,NR,NR
Bainum Family Foundation,Foundation,United States,NR,NR
JRMR Investments LLC,Fund-of-Funds,United States,NR,NR
Polaris Investment Holdings Limited,Fund-of-Funds,UK,NR,NR
Monterey Bay Aquarium Foundation,Foundation,United States,NR,NR
VREP II Hillman Onshore Holdings LLC,Fund-of-Funds,Cayman Islands,NR,NR
Enlight Foundation,Foundation,United States,NR,NR
VREP II Hillman Offshore Holdings LLC,Fund-of-Funds,Cayman Islands,NR,NR
Roswell Park Alliance Foundation,Foundation,United States,NR,NR
ILLINOIS INSTITUTE OF TECHNOLOGY,Endowment,United States,NR,NR
RFTA Investments LP,Fund-of-Funds,United States,NR,NR
Truman State University Foundation,Foundation,United States,NR,NR
The Henry P. Kendall Foundation,Foundation,United States,NR,NR
Vintage Real Estate Partners International BV US Blocker LLC,Fund-of-Funds,United States,NR,NR
Shomera Real Estate Ltd,Fund-of-Funds,Israel,NR,NR
IBT Consolidated Pension Fund,Other Pension Plan,United States,NR,NR
RACDP Investments LP,Fund-of-Funds,UK,NR,NR
RASW Investments LP,Fund-of-Funds,Netherlands,NR,NR
"George B. Storer Foundation, Inc.",Foundation,United States,NR,NR
FIRST GENERATION CAPITAL LIMITED,Fund-of-Funds,Guernsey,NR,NR
One Hill Ventures Pte Ltd,Fund-of-Funds,Singapore,NR,NR
Rhode Island OPEB System Trust,Public Pension Plan,United States,NR,NR
Fidelity Investments Charitable Gift Fund - FBO 1216648,Fund-of-Funds,United States,NR,NR
Fidelity Investments Charitable Gift Fund – FBO - 1146085,Fund-of-Funds,United States,NR,NR
"Inteligo Bank, Ltd.",Financial Institution,,NR,NR
H7 Holdings LLC,Fund-of-Funds,,NR,NR
Wimple Limited,Fund-of-Funds,,NR,NR
Ritastar Limited,Fund-of-Funds,,NR,NR
Essence Goal Limited,Fund-of-Funds,,NR,NR
Clouse S.A. acting in respect of Compartment 13,Fund-of-Funds,,NR,NR
"Level One Partners, LLC",Fund-of-Funds,,NR,NR
Olympic Bahamas Ltd,Fund-of-Funds,,NR,NR
CJA Global Holdings Limited,Fund-of-Funds,,NR,NR
HCM I Real Estate Strategies Limited,Fund-of-Funds,,NR,NR
Indorama Capital Holdings Pte Ltd,Fund-of-Funds,,NR,NR
INKF40 LLC,Fund-of-Funds,,NR,NR
"Jacobs Private Equity, LLC",Fund-of-Funds,,NR,NR
San Jose Federated City Employees' Retirement System,Public Pension Plan,,NR,NR
"Larsen Family PE Holdings, LP",Fund-of-Funds,,NR,NR
Mavrik America Corp.,Fund-of-Funds,,NR,NR
Marvel Capital Group Limited,Fund-of-Funds,,NR,NR
Decon Invest Company Limited,Fund-of-Funds,,NR,NR
JAMH INVESTMENT LIMITED,Fund-of-Funds,,NR,NR
HSBC Private Bank (Suisse) SA/Dan David Foundation,Foundation,,NR,NR
Dia Holding BV,Fund-of-Funds,,NR,NR
Full Fortune Legacy Limited,Fund-of-Funds,,NR,NR
SS Capital Company LLC,Fund-of-Funds,,NR,NR
Bonbori Illiquid Fund LP,Fund-of-Funds,,NR,NR
"Losa International, Inc",Fund-of-Funds,,NR,NR
Micsky Holding Inc,Fund-of-Funds,,NR,NR
Xyris Inc.,Fund-of-Funds,,NR,NR
Fullun LLC,Fund-of-Funds,,NR,NR
HSBC Private Bank (Suisse) SA/SG5847,Other,,NR,NR
WorkPlay Ventures II A LLC,Fund-of-Funds,,NR,NR
WorkPlay Ventures II B LLC,Fund-of-Funds,,NR,NR
AUCTUS HOLDINGS LIMITED,Fund-of-Funds,,NR,NR
"Boardman, LLC",Fund-of-Funds,,NR,NR
1517 Waterland C.V.,Fund-of-Funds,,NR,NR
The Most Worshipful Grand Lodge of F&AM of the State of CA,Other,,NR,NR
CASOLE LAVORAZIONI INDUSTRIALI S.R.L.,Fund-of-Funds,,NR,NR
LMDV CAPITAL SRL,Fund-of-Funds,,NR,NR
ALANA INVESTMENT FUND,Fund-of-Funds,,NR,NR
RICRUD INVESTMENT FUND - RICRUD SPC 01,Fund-of-Funds,,NR,NR
"ALLFUNDS BANK SAU, LUXEMBOURG BRANCH, DESIGNATION: AFB LUX / BOURGOGNE INTERNATIONAL FUND LTD / BB4X",Other,,NR,NR
Red Rose Company Limited,Corporate,,NR,NR
Schwab Charitable Fund a/c xxxx-7195,Fund-of-Funds,,NR,NR
"BRAAVOS VENTURES, LLC",Fund-of-Funds,,NR,NR
Wabash Investment LP,Fund-of-Funds,,NR,NR
Calliandra Fund,Fund-of-Funds,,NR,NR
"Indigo Diversified Holdings, Inc.",Fund-of-Funds,,NR,NR
"Magneto Partners, LP",Fund-of-Funds,,NR,NR
Cape Mountain Associates LLC,Fund-of-Funds,,NR,NR
Heartwork Capital LLC,Fund-of-Funds,,NR,NR
LM Group Partners LLC,Fund-of-Funds,,NR,NR
"Inmobiliaria Amara, SAPI de CV",Fund-of-Funds,,NR,NR
Segovia Capital Ltd.,Fund-of-Funds,,NR,NR
Hood Canal Investments LLC,Fund-of-Funds,,NR,NR
Sostenuto LLC,Fund-of-Funds,,NR,NR
Ruffini Partecipazioni Holding S.r.l.,Fund-of-Funds,,NR,NR
DFI LP ALT (PRIVATE 2022),Fund-of-Funds,,NR,NR
"KM Diversified Holdings, LLC",Fund-of-Funds,,NR,NR
Sardis Rosa Capital Pte Ltd,Fund-of-Funds,,NR,NR
Stash Holding BV,Fund-of-Funds,,NR,NR
Steel LLC,Fund-of-Funds,,NR,NR
Tenex Investments Ltd.,Fund-of-Funds,,NR,NR
BridgeLane Capital Pty Limited,Fund-of-Funds,,NR,NR
Strongview Global Investments Ltd,Fund-of-Funds,,NR,NR
Minml Holding LP,Fund-of-Funds,,NR,NR
Charlottesville Partners LLC,Fund-of-Funds,,NR,NR
Lugones Limited,Fund-of-Funds,,NR,NR
Nieh Family Investments LP (fund 2),Fund-of-Funds,,NR,NR
Nieh Family Investments LP (fund 3),Fund-of-Funds,,NR,NR
H & G El Mar LLC,Fund-of-Funds,,NR,NR
Gallisch Dorpje C.V.,Fund-of-Funds,,NR,NR
Dyemond Securities Limited,Fund-of-Funds,,NR,NR
E.E. Anderson LLC,Fund-of-Funds,,NR,NR
IR Investments LP,Fund-of-Funds,,NR,NR
JDBK Pty Ltd ATF JDBK Trust,Fund-of-Funds,,NR,NR
Sassafras Capital Limited,Fund-of-Funds,,NR,NR
VAED Investments LLC,Fund-of-Funds,,NR,NR
Argent One Capital LLC,Fund-of-Funds,,NR,NR
7353 Holding CV,Fund-of-Funds,,NR,NR
Rainmaker Holdco Ltd.,Fund-of-Funds,,NR,NR
Southwest LLC,Fund-of-Funds,,NR,NR
Norana Holdings Limited,Fund-of-Funds,,NR,NR
"Atid Capital Management, Inc.",Fund-of-Funds,,NR,NR
"KD Cinco Holdings II, LLC",Fund-of-Funds,,NR,NR
"13 Rattles, Inc.",Fund-of-Funds,,NR,NR
Parke Holdings LLC,Fund-of-Funds,,NR,NR
Pergamon Development Ltd,Fund-of-Funds,,NR,NR
SVAR Holdings Pte. Ltd.,Fund-of-Funds,,NR,NR
Seeligson Investment Company Ltd.,Fund-of-Funds,,NR,NR
Brothers and Sons Investments LLC,Fund-of-Funds,,NR,NR
"Tippoint Investments, LLC",Fund-of-Funds,,NR,NR
Ulisse Holdings Limited,Fund-of-Funds,,NR,NR
Berg Delaware Investments LLC,Fund-of-Funds,,NR,NR
"CS Cinco Holdings II, LLC",Fund-of-Funds,,NR,NR
North Gem Ltd,Fund-of-Funds,,NR,NR
PTSM Holdings Ptd. Ltd.,Fund-of-Funds,,NR,NR
Paani Ohana LLC,Fund-of-Funds,,NR,NR
"JG Cinco Holdings II, LLC",Fund-of-Funds,,NR,NR
Baltoro4 LLC,Fund-of-Funds,,NR,NR
Bangor Roots LLC,Fund-of-Funds,,NR,NR
Bella Bleu LLC,Fund-of-Funds,,NR,NR
Centriko Investments S.A.,Fund-of-Funds,,NR,NR
Killen LLC,Fund-of-Funds,,NR,NR
Blue Phoenix Investments LLC,Fund-of-Funds,,NR,NR
Pench Investments Pte Ltd,Fund-of-Funds,,NR,NR
Kanha Investments Pte Ltd,Fund-of-Funds,,NR,NR
"TL Cinco Holdings II, LLC",Fund-of-Funds,,NR,NR
Boomivc LLC,Fund-of-Funds,,NR,NR
Emerald Shine Investments II Limited,Fund-of-Funds,,NR,NR
"Iron Point-ICONIQ SLP III, LP (C)",Fund-of-Funds,,NR,NR
"Iron Point-ICONIQ SLP III, LP",Fund-of-Funds,,NR,NR
The Pingry Corporation,Corporate,,NR,NR
Elevate Plus LLC,Fund-of-Funds,,NR,NR
Drukkerij CV,Fund-of-Funds,,NR,NR
Allocate Capital W.L.L.,Fund-of-Funds,,NR,NR
Ultimate Epoch Limited,Fund-of-Funds,,NR,NR
CORSO LIMITED,Fund-of-Funds,,NR,NR
KAMARIA LIMITED,Fund-of-Funds,,NR,NR
KENTRIDGE INVESTMENTS LIMITED,Fund-of-Funds,,NR,NR
TWELVE OAKS LIMITED,Fund-of-Funds,,NR,NR
FALCON UNITED LIMITED,Fund-of-Funds,,NR,NR
ALIZARIN LIMITED,Fund-of-Funds,,NR,NR
DUMONT LIMITED,Fund-of-Funds,,NR,NR
INFINITY PORTFOLIO W.L.L.,Fund-of-Funds,,NR,NR
"DFE ALTERNATIVE INVESTMENTS, LLC",Fund-of-Funds,,NR,NR
"Blue Owl Digital Infrastructure III CPV, LP",Fund-of-Funds,,NR,NR
Brookfield Renewable Partners L.P.,Investment Company,Bermuda,BBB+,NR
Alterra Acceleration LP*,SWF,United Arab Emirates,NR,NR
Devonshire Investment Pte. Ltd.,SWF,Singapore,NR,NR
Brookfield Asset Management ULC*,Investment Company,Canada,NR,NR
Eight Finance Investment Company Limited,SWF,Hong Kong,NR,NR
Nova Scotia Health Employees' Pension Plan,Corporate Pension Plan,Canada,NR,NR
AZL-Argos 63 Vermögensverwaltungsgesellschaft mbH,Fund-of-Funds,Germany,NR,NR
Singapore Life Ltd.,Insurance Company,Singapore,A+,A2
Renaissance Reinsurance U.S. Inc.,Insurance Company,United States,A+,A1
"Blue Cross and Blue Shield of Massachusetts HMO Blue, Inc.",Corporate,United States,NR,NR
"Blue Cross and Blue Shield of Massachusetts, Inc.",Corporate,United States,NR,NR
Co-operators Life Insurance Company,Insurance Company,Canada,NR,NR
Daido Life Insurance Company,Insurance Company,Japan,A,NR
Allianz Global Diversified Infrastructure Equity Fund II SCSp,Fund-of-Funds,Luxembourg,AA,Aa2
Genworth Life Insurance Company,Insurance Company,United States,BB-,B3
ORIX Life Insurance Corporation,Insurance Company,Japan,BBB+,A3
Queen's University at Kingston,Endowment,Canada,AA+,NR
University of Ottawa,Endowment,Canada,NR,Aa2
APKV-Argos 84 Vermögensverwaltungsgesellschaft mbH,Fund-of-Funds,Germany,NR,NR
Kühne Holding AD,Fund-of-Funds,Switzerland,NR,NR
Allianz Leben Infrastrukturfonds GmbH,Fund-of-Funds,Germany,AA,Aa2
Diepensteyn NV,Investment Company,Belgium,NR,NR
Stiftelsen Riksbankens Jubileumsfond,Foundation,Sweden,NR,NR
Internationaler Naturerbe Fonds-Legacy Landscapes Fund,Fund-of-Funds,Germany,NR,NR
APK Infrastrukturfonds GmbH,Fund-of-Funds,Germany,NR,NR
Seine II GmbH,Fund-of-Funds,Germany,NR,NR
WInvest SICAV-FIS Real Estate,Fund-of-Funds,Luxembourg,NR,NR
Wittington Portland Murdoch LP,Fund-of-Funds,,NR,NR
APKV Infrastrukturfonds GmbH,Fund-of-Funds,Germany,NR,NR
AkademikerPension – Akademikernes Pensionkasse,Other Pension Plan,Denmark,NR,NR
HSBC Alternative Investments S.C.A. SICAV-RAIF - Sub-fund I (Impact Basket),Fund-of-Funds,Luxembourg,NR,NR
Gildi-lífeyrissjóður,Public Pension Plan,Iceland,NR,NR
SCOR Ireland DAC,Insurance Company,Ireland,NR,NR
The University of Western Ontario,Endowment,Canada,AA+,NR
Sumitomo Life Insurance Company,Insurance Company,Japan,A+,A1
2678681 Ontario Inc,Other,Canada,NR,NR
Fiducie globale des régimes de retraite à risques partagés,Investment Company,Canada,NR,NR
York University,Endowment,Canada,NR,NR
GWLM Holdings Inc.,Fund-of-Funds,,NR,NR
FCT (Fondation Collective Trianon),Foundation,Switzerland,NR,NR
California Public Employees' Retirement System,Public Pension Plan,United States,AA-,Aa2
PIP7 Funds Ltd,Fund-of-Funds,,NR,NR
The Policeman's Annuity and Benefit Fund of Chicago,Public Pension Plan,United States,NR,NR
"State Street Trust and Banking Co., Ltd., acting solely in its capacity as trustee for trust account No. 2381102",SWF,Japan,NR,NR
Gestion Mariposa MJD Inc.,Foundation,Canada,NR,NR
Nonghyup Bank in its capacity as trustee of SH BGT II Private Private Special Asset Investment Trust No.3(FoFs),Fund-of-Funds,South Korea,NR,NR
Nonghyup Bank in its capacity as trustee of SH BGT II Private Private Special Asset Investment Trust No.2(H)(FoFs),Fund-of-Funds,South Korea,NR,NR
Nonghyup Bank in its capacity as trustee of SH BGT II Private Special Asset Investment Trust No.1(H)(FoFs),Fund-of-Funds,South Korea,NR,NR
PFC SPA Società Benefit,Family Office,Italy,NR,NR
Teseo Capital SICAV-SIF,Fund-of-Funds,Luxembourg,NR,NR
Crown Infrastructure II Master S.C.Sp.,Fund-of-Funds,Luxembourg,NR,NR
Moy SEC Limited,Fund-of-Funds,Ireland,NR,NR
Crown Impact S.C.Sp.,Fund-of-Funds,Luxembourg,NR,NR
Mar Adentro International Co. Ltd.,Fund-of-Funds,Panama,NR,NR
MONDIAN Invest Private Markets Fund I - a sub-fund of MONDIAN Invest SICAV,Fund-of-Funds,Luxembourg,NR,NR
ONG Invest Private Markets Fund I - a sub-fund of ONG Invest SICAV,Fund-of-Funds,Luxembourg,NR,NR
Sovereign Invest Global Private Markets Fund I - a sub-fund of Sovereign Invest Global SICAV,Fund-of-Funds,Luxembourg,NR,NR
"Taikang Life Insurance Co., Ltd.",Insurance Company,China,NR,A3
The United Nations on behalf of the United Nations Joint Staff Pension Fund,Public Pension Plan,United States,NR,NR
AXA Global Infrastructure Equity ICAV - Infra 2023,Fund-of-Funds,France,NR,NR
Régime de retraite de l'Université de Montréal,Corporate Pension Plan,Canada,NR,NR
The Foundation of Greater Montréal Investment Fund,Foundation,Canada,NR,NR
Spectrum Growth Fund - a sub-fund of Spectrum Alternative Assets SICAV,Fund-of-Funds,Liechtenstein,NR,NR
Arkelhave B.V.,Fund-of-Funds,Netherlands,NR,NR
"Korean Investment Corporation, solely in its capacity as agent for the Ministry of Economy and Finance of the Republic of Korea",SWF,South Korea,NR,NR
"Le Mans Fonds SCS, SICAV-FIS - Le Mans Fonds - AI Dachfonds I",Fund-of-Funds,Luxembourg,NR,NR
Association of Chartered Certified Accountants,Foundation,UK,NR,NR
Stichting Pensioenfonds Medisch Specialisten,Other Pension Plan,,NR,NR
School Employees Retirement System of Ohio,Public Pension Plan,,AAA,Aaa
"Brookfield Insurance Dedicated Fund III Series Interests of the SALI Multi-Series Fund, L.P.",SWF,,NR,NR
State Insurance Fund,SWF,,NR,NR
FIR DEA S.A. SICAV-RAIF,SWF,,NR,NR
Eleven Eleven Foundation,Investment Company,,NR,NR
Whistle Creek Investments II LLC,SWF,,NR,NR
Guy Hands,Corporate Pension Plan,,NR,NR
Power Authority of the State of New York Other Post-Employment Benefits Trust,Fund-of-Funds,,NR,NR
The Nature Conservancy of Canada,Insurance Company,,A+,A2
BPG BPY BSREP III Investor LLC (Aggregate),Investment Company,United States,A-,Baa1
The Norinchukin Bank,Financial Institution,Japan,A,A1
The Regents of the University of California,Endowment,United States,AA-,Aa2
Lockheed Martin Corporation Master Retirement Trust,Corporate Pension Plan,United States,A-,A3
"Cathay Life Insurance Co., Ltd",Insurance Company,Taiwan,A-,A3
Income Insurance Limited,Insurance Company,Singapore,AA-,NR
General Electric Pension Trust,Corporate Pension Plan,United States,BBB+,Baa1
North Broward Hospital District (Aggregate),Corporate,United States,A-,Baa2
OhioHealth Corporation,Corporate,United States,AA+,Aa2
CIBC Pension Plan,Corporate Pension Plan,Canada,A+,Aa2
General Mills Group Trust,Corporate Pension Plan,United States,BBB,Baa2
"The Curators of the University of Missouri for the Retirement, Disability and Death Benefit Plan",Corporate Pension Plan,United States,NR,Aa1
Baylor Scott & White Holdings,Fund-of-Funds,United States,NR,Aa3
Charles Schwab & Co. FBO The New School,Fund-of-Funds,United States,AA-,Aa3
Trustees of Union College,Endowment,United States,AA-,NR
Syracuse University,Endowment,United States,A+,Aa3
"Enbridge Inc., as administrator of the Retirement Plan for the Employees of Enbridge Inc. and Affiliates ($5.9MM transfer from Enbridge Inc., as agent of Westcoast Energy Inc., which with the trustee established the Westcoast Energy Inc. Master Trust (in which the sole investors are the Pension Choices Plan for Employees of Westcoast Energy Inc. and Affiliated Companies and the Westcoast Energy Inc. Employees' Retirement Plan) to Enbridge Inc., as administrator of the Retirement Plan for the Employees of Enbridge Inc. and Affiliate)",Corporate Pension Plan,Canada,BBB+,Baa2
"Alaska Permanent Fund Corporation, a public corporation and governmental instrumentality established pursuant to Alaska Statutes Chapter 37.13, acting for and on behalf of the Alaska Permanent Fund, a constitutional fund established pursuant to Article IX, Section 15 of the Alaska Constitution",Public Pension Plan,United States,NR,NR
"Korea Investment Corporation, acting as agent of Ministry of Strategy and Finance",SWF,South Korea,NR,NR
The Northern Trust Company in its capacity as custodian for the Future Board of Guardians acting in connection with the Future Fund,SWF,Australia,NR,NR
Commonwealth of Pennsylvania Public School Employees' Retirement System,Public Pension Plan,United States,NR,NR
Teachers’ Retirement System of the City of New York,Public Pension Plan,United States,AA,Aa2
New York City Employees’ Retirement System,Public Pension Plan,United States,AA,Aa2
"State Street Bank and Trust Company, not personally but as trustee for the UAW Retiree Medical Benefits Trust (solely for the benefit of the GM Separate Retiree Account)",Corporate Pension Plan,United States,NR,NR
The Northern Trust Company in its capacity as custodian for the Future Fund Board of Guardians acting in connection with the Medical Research Future Fund,SWF,Australia,NR,NR
Civil Service Superannuation Board,Public Pension Plan,Canada,NR,NR
South Carolina Retirement Systems Group Trust,Public Pension Plan,United States,AA+,Aaa
South Dakota Investment Council on behalf of the South Dakota Retirement System,Public Pension Plan,United States,AAA,Aaa
"State of Vermont, Vermont Pension Investment Committee",Public Pension Plan,United States,NR,NR
"State Street Bank and Trust Company, not personally but as trustee for the UAW Retiree Medical Benefits Trust (solely for the benefit of the Ford Separate Retiree Account)",Corporate Pension Plan,United States,NR,NR
"State Street Bank and Trust Company, not personally but as trustee for the UAW Retiree Medical Benefits Trust (solely for the benefit of the Chrysler Separate Retiree Account)",Corporate Pension Plan,United States,NR,NR
Tameside Metropolitan Borough Council as administering authority for the Greater Manchester Pension Fund,Public Pension Plan,UK,NR,NR
City of Fresno Retirement Systems,Public Pension Plan,United States,NR,NR
Blue Cross Blue Shield of Michigan,Insurance Company,United States,NR,NR
University of Wisconsin Foundation,Foundation,United States,NR,NR
Seattle City Employees' Retirement System,Public Pension Plan,United States,NR,NR
Boston Retirement System,Public Pension Plan,United States,NR,NR
The Children's Hospital of Philadelphia Foundation,Foundation,United States,NR,NR
Pensionskassen for Jordbrugsakademikere og Dyrlaeger,Other Pension Plan,Denmark,NR,NR
"National Audubon Society, Inc.",Foundation,United States,NR,NR
BPG BPY BSREP III Investor LLC (BPY),Investment Company,United States,NR,NR
"USS Investment Management Ltd as agent for L5 Investment Holdings GP Ltd, in its capacity as GP of L5 Investment Holdings LP",Fund-of-Funds,UK,NR,NR
"TCC Private Markets Master Fund, LP (name change from TCC Private Markets Master Fund, LP)",Fund-of-Funds,United States,NR,NR
Employees Retirement System of Texas,Public Pension Plan,United States,AAA,Aaa
CIBC Mellon Trust Company acting solely in its capacity as Trustee of the Fund for the BMO Canada Pension Plan (and not in any personal capacity),Other Pension Plan,Canada,NR,NR
Healthcare Employees' Pension Plan - Manitoba,Public Pension Plan,Canada,NR,NR
Econsult BSREP III Fondo de Inversion,Fund-of-Funds,Spain,NR,NR
Amitim Investors (Aggregate),Other Pension Plan,Israel,NR,NR
Abrim 37 Inc.,Fund-of-Funds,Canada,NR,NR
Commission de la Caisse commune,Public Pension Plan,Canada,NR,NR
CREL/OAC L.L.C.,Fund-of-Funds,United States,NR,NR
Sampension KP Livsforsikring A/S,Insurance Company,Denmark,NR,NR
Alberta Carpenters and Allied Workers Pension Plan,Other Pension Plan,Canada,NR,NR
Electrical Industry Pension Trust Fund of Alberta,Other Pension Plan,Canada,NR,NR
Regime de retraite de l'Universite de Montreal,Corporate Pension Plan,Canada,NR,NR
State Street Bank and Trust Company as trustee for FCA US LLC Master Retirement Trust,Corporate Pension Plan,United States,NR,NR
The Edmonton Pipe Industry Pension Trust Fund,Other Pension Plan,Canada,NR,NR
TransGlobe Life Insurance Inc.,Insurance Company,Taiwan,NR,NR
"ECMC Group, Inc.",Corporate,United States,NR,NR
Houston Police Officers' Pension System,Public Pension Plan,United States,NR,NR
"Makefet Ishit (signed by Migdal Makefet Pension and Provident Funds Ltd., as its manager)",Other Pension Plan,Israel,NR,NR
CBC Pension Board of Trustees,Other Pension Plan,Canada,NR,NR
Pearl Brook Investments Limited,Fund-of-Funds,UK,NR,NR
Soners Limited Partnership,Fund-of-Funds,Cayman Islands,NR,NR
Teachers' Retirement Allowances Fund,Other Pension Plan,Canada,NR,NR
Houston Firefighters Relief & Retirement Fund,Public Pension Plan,United States,NR,NR
"TINDY Foreign, Inc.",Fund-of-Funds,,NR,NR
Altshuler Shaham Gemel - between the age of 50-60 (Transfer from Psagot Provident Funds and Pension Ltd on behalf of Psagot Gadish Bnie 50 Ad 60),Other Pension Plan,Israel,NR,NR
Vancouver Foundation,Endowment,Canada,NR,NR
"Blue Cross and Blue Shield of Massachusetts, Inc. Retirement Income Trust",Corporate Pension Plan,United States,NR,NR
Asbestos Workers Pension Plan of Alberta,Other Pension Plan,Canada,NR,NR
Frind Properties Ltd.,Fund-of-Funds,Canada,NR,NR
Regina Civic Employees' Superannuation and Benefit Plan,Public Pension Plan,Canada,NR,NR
Laborers' Pension Fund of Western Canada,Corporate Pension Plan,Canada,NR,NR
"Enbridge Inc., as administrator of Enbridge Employee Services Inc. Employees' Pension Plan",Corporate Pension Plan,Canada,NR,NR
"Accident Fund Insurance Company of America (Transfer from Accident Funds Holdings, Inc.)",Insurance Company,United States,NR,NR
Blue Care Network of Michigan,Insurance Company,United States,NR,NR
City of Saint John Shared Risk Plan,Public Pension Plan,Canada,NR,NR
Manchester Investment Trading LLC,Investment Company,United States,NR,NR
VKR Holding A/S,Fund-of-Funds,Denmark,NR,NR
"Navistar, Inc. Hourly Employees Pension Plan Master Trust (on behalf of Navistar, Inc., Hourly Employees Pension Plan No. 1)",Corporate Pension Plan,United States,NR,NR
"Navistar, Inc. Salaried Employees Pension Plan Master Trust (on behalf of Navistar, Inc. Salaried Employees Pension Plan No. 1)",Corporate Pension Plan,United States,NR,NR
LTIC LLC,Fund-of-Funds,United States,NR,NR
"Enbridge Inc., as agent of Westcoast Energy Inc., which with the trustee established the Westcoast Energy Inc. Master Trust (in which the sole investors are the Pension Choices Plan for Employees of Westcoast Energy Inc. and Affiliated Companies and the Westcoast Energy Inc. Employees' Retirement Plan)",Corporate,Canada,NR,NR
Altshuler Shaham Hishtalmut - Klali (Transfer from Psagot Provident Funds and Pension Ltd on behalf of Psagot Sie Hishtalmut Klali & Psagot Sie Hishtalmut Israel),Other Pension Plan,Israel,NR,NR
Dorledor US Partnership II,Fund-of-Funds,United States,NR,NR
E-Maj Limited,Fund-of-Funds,,NR,NR
Fairy Bells Holdings Ltd.,Fund-of-Funds,UK,NR,NR
Fondation de prevoyance du Groupe BNP PARIBAS en Suisse,Corporate Pension Plan,Switzerland,NR,NR
Gregale Limited,Fund-of-Funds,,NR,NR
Massar International Limited,Investment Company,,NR,NR
Menaxfundco Limited,Fund-of-Funds,Jersey,NR,NR
Nostrum Capital Corporation,Fund-of-Funds,,NR,NR
HSBC Private Bank (Suisse) SA/AN252,Fund-of-Funds,Switzerland,NR,NR
PBC Health Benefits Society,Insurance Company,Canada,NR,NR
Pension Fund Society of Canada Steamship Lines Limited,Corporate Pension Plan,Canada,NR,NR
GROUPE 3MEI INC.: Standard + Inc. (Name change from Portes Garage: Standard + Inc.),Fund-of-Funds,Canada,NR,NR
Talbot Investments Limited,Fund-of-Funds,UK,NR,NR
VILLUM Fonden,Foundation,Denmark,NR,NR
Migdal Insurance Company Ltd. (proprietary),Insurance Company,Israel,NR,NR
VELUX Fonden,Foundation,Denmark,NR,NR
"Foundation Investments of Ohio, Ltd.",Investment Company,United States,NR,NR
Harel HAAL Pension Fund,Other Pension Plan,Israel,NR,NR
Dalhousie Pension Trust Fund,Other Pension Plan,Canada,NR,NR
BOCM Pauls Pension Scheme,Corporate Pension Plan,UK,NR,NR
Dalhousie Retirees' Trust Fund,Other Pension Plan,Canada,NR,NR
"Migdal Educational Fund - General Track (signed by Migdal Makefet Pension and Provident Funds Ltd., as its manager)",Fund-of-Funds,Israel,NR,NR
"Kranot Hishtalmut Le Morim Tichoniim, Morey Seminarim Ve Mefakhim Hevra Menahelet LTD. on behalf of Kranot Hishtalmut Le Morim Tichoniim, Morey Seminarim Ve Mefakhim",Other Pension Plan,Israel,NR,NR
90356 Canada Inc.,Corporate,Canada,NR,NR
AHM Partnership Limited,Fund-of-Funds,UK,NR,NR
ARP Rossy Investments Inc.,Fund-of-Funds,,NR,NR
August S.C.A. SICAR,Fund-of-Funds,Luxembourg,NR,NR
Duvall Enterprises Inc,Fund-of-Funds,,NR,NR
Fednav Holdings Inc.,Fund-of-Funds,Canada,NR,NR
Finstock Holdings Limited,Investment Company,UK,NR,NR
Louisiana State Police Retirement System [UBS Direct],Other Pension Plan,United States,NR,NR
Poly Bright Holdings Limited,Fund-of-Funds,UK,NR,NR
"Rowan University Foundation, Inc.",Endowment,United States,NR,NR
Spy International Holdings Limited,Fund-of-Funds,UK,NR,NR
The Cultural Institutions Pension Fund and Trust,Corporate Pension Plan,United States,NR,NR
The Curator of the University of Missouri for the Endowment Fund,Endowment,United States,NR,NR
The Pittsburgh Foundation,Foundation,United States,NR,NR
John Harris Investments Limited,Fund-of-Funds,UK,NR,NR
Prairie Arctic Regional Council Pension Trust Fund,Other Pension Plan,Canada,NR,NR
"Navistar, Inc. Hourly Employees Pension Plan Master Trust (on behalf of Navistar, Inc. Hourly Employees Pension Plan No. 2)",Corporate Pension Plan,United States,NR,NR
Jewish Community Foundation of San Diego,Foundation,United States,NR,NR
Religious of the Assumption [UBS Direct],Other,UK,NR,NR
"Navistar, Inc. Salaried Employees Pension Plan Master Trust (on behalf of Navistar, Inc. Salaried Employees Pension Plan No. 2)",Corporate Pension Plan,United States,NR,NR
JXM Inc.,Corporate,UK,NR,NR
9853219 Canada Inc.,Corporate,Canada,NR,NR
Capinabel Inc.,Fund-of-Funds,Canada,NR,NR
Dalhousie University,Endowment,Canada,NR,NR
ECLO Investments Inc.,Fund-of-Funds,,NR,NR
First Canada (B.V.I.) Corporation,Fund-of-Funds,UK,NR,NR
Irwel (B.V.I.) Corporation,Fund-of-Funds,UK,NR,NR
JRN Holdings Ltd.,Fund-of-Funds,UK,NR,NR
KHI Overseas Limited,Fund-of-Funds,UK,NR,NR
Mavrik Corp.,Fund-of-Funds,Canada,NR,NR
"RGIP, LP",Fund-of-Funds,United States,NR,NR
Sabrinco US ULC,Fund-of-Funds,Canada,NR,NR
"Sofmic Holdings, LP",Fund-of-Funds,,NR,NR
The Baycrest Centre Foundation,Foundation,Canada,NR,NR
The Jewish Foundation of Greater Toronto,Foundation,Canada,NR,NR
Altshuler Shaham Gemel - Agach (15% Menayot) (Transfer from Psagot Gadish Ad 10% Menayot and Transfer from Psagot Provident Funds and Pension Ltd on behalf of Psagot Gadish Agach Ad 20% Menayo),Other Pension Plan,Israel,NR,NR
Central Michigan University Endowment,Endowment,United States,NR,NR
DWRH F Limited,Fund-of-Funds,UK,NR,NR
DWRH L Limited,Fund-of-Funds,UK,NR,NR
DWRH P Limited,Fund-of-Funds,UK,NR,NR
DWT Capital Inc.,Fund-of-Funds,Canada,NR,NR
Oceanpath Inc.,Fund-of-Funds,Canada,NR,NR
One NYP Partners I LP,Fund-of-Funds,United States,NR,NR
Harel Pension (Transfer from Psagot Provident Funds and Pension Ltd on behalf of Psagot Pensia Mekifa Ad 50),Other Pension Plan,Israel,NR,NR
Altshuler Shaham Gemel - under the age of 50 (Transfer from Psagot Provident Funds and Pension Ltd on behalf of Psagot Gadish Bnie 50 Vamata),Other Pension Plan,Israel,NR,NR
Lonsdale Tactical Balanced Portfolio,Fund-of-Funds,Canada,NR,NR
Harel Pension and Provident Ltd. on behalf of Harel Central Severance Pay Fund  (Transfer from Harel Adi Central Severance Pay Fund),Other Pension Plan,Israel,NR,NR
Yozma Pension Fund of Self Employed Ltd.,Other Pension Plan,Israel,NR,NR
Kranot Hishtalmut Le Morim Ve Gananot Hevra Menahelet LTD. on behalf of Kranot Hishtalmut Le Morim Ve Gananot - Makor,Other Pension Plan,Israel,NR,NR
Altshuler Shaham Gemel - Hever between the age of 50-60 - Investment (Transfer from Psagot Provident Funds and Pension Ltd on behalf of Psagot Amitey Hever Bnei 50 Ad 60),Other Pension Plan,Israel,NR,NR
"Kranot Hishtalmut Le Morim Tichoniim, Morey Seminarim Ve Mefakhim Hevra Menahelet LTD. on behalf of Kranot Hishtalmut Le Morim Tichoniim, Morey Seminarim Ve Mefakhim- makor",Other Pension Plan,Israel,NR,NR
Altshuler Shalam Gemel - above the age 60,Other Pension Plan,Israel,NR,NR
"Migdal Provident Fund - General Track (by Migdal Makefet Pension and Provident Funds Ltd., as its manager)",Other Pension Plan,Israel,NR,NR
Altshuler Shaham Hishtalmut - Agach (15% Menayot) (Transfer from Psagot Provident Funds and Pension Ltd on behalf of Psagot Sie Hishtalmut Agah Ad 10% Menayot),Other Pension Plan,Israel,NR,NR
"Migdal Provident Fund - Between 50 to 60 years old Track (by Migdal Makefet Pension and Provident Funds Ltd., as its manager)",Other Pension Plan,Israel,NR,NR
"Makefet Mashlima (by Migdal Makefet Pension and Provident Funds Ltd., as its manager)",Other Pension Plan,Israel,NR,NR
"Migdal Provident Fund - Under 50 years old Track (by Migdal Makefet Pension and Provident Funds Ltd., as its manager)",Other Pension Plan,Israel,NR,NR
"Migdal Educational Fund - At Least 30% Shares Track (by Migdal Makefet Pension and Provident Funds Ltd., as its manager)",Other Pension Plan,Israel,NR,NR
"Migdal Provident Fund - Over 60 years old Track (by Migdal Makefet Pension and Provident Funds Ltd., as its manager)",Other Pension Plan,Israel,NR,NR
Migdal Makefet Pension and Provident Funds Ltd (Proprietary),Other Pension Plan,Israel,NR,NR
Real Summit Investment Company Limited,SWF,Hong Kong,NR,NR
BF III LLC,SWF,Singapore,NR,NR
Al Sariya Commercial Investments LLC [ADIC],SWF,United Arab Emirates,NR,NR
Oman Investment Authority (Name change from State General Reserve Fund),SWF,Oman,NR,NR
General Pension and Social Security Authority,SWF,United Arab Emirates,NR,NR
"Terra INVS-SPV, Ltd. [Kazakhstan]",SWF,Kazakhstan,NR,NR
Allianz Fund Investment 2 S.A. (acting as management company and fiduciary on behalf of AF12 Real Estate Fund (in relation to its compartment 1)),Fund-of-Funds,Luxembourg,NR,NR
Global Value Property Fund,Fund-of-Funds,Luxembourg,NR,NR
"Brookfield Real Assets Hybrid Fund of Private Funds, L.P.",Fund-of-Funds,United States,NR,NR
"Tiera Capital S.C.A., SICAV-SIF - Global Real Estate Opportunities III Sub-Fund",Fund-of-Funds,Luxembourg,NR,NR
"Moran Real Asset Fund II, L.P.",Fund-of-Funds,United States,NR,NR
The Newport Yield Fund,Fund-of-Funds,Canada,NR,NR
Tilad Real Estate Funds Investment Limited,Fund-of-Funds,Cayman Islands,NR,NR
Sentinel Private Equity XV Fund,Fund-of-Funds,United States,NR,NR
The Newport Strategic Yield Fund Limited Partnership,Fund-of-Funds,Canada,NR,NR
"Randolph Street Ventures, LP - 2018-17",Fund-of-Funds,United States,NR,NR
"Lexington C/RE, LLC",Fund-of-Funds,,NR,NR
"Tiera Capital S.C.A., SICAV-SIF - Metaphora PE RE Selection Sub-Fund",Fund-of-Funds,Luxembourg,NR,NR
"Brookfield Opportunistic RE III Access Fund, L.P.",Fund-of-Funds,United States,NR,NR
"BSREP III Private Investors, LLC [JPM]",Fund-of-Funds,United States,NR,NR
"BSREP III Private Investors Offshore, L.P. [JPM]",Fund-of-Funds,United States,NR,NR
PrivAccess VII - Real Estate Global Opportunistic 3 [BNP Feeder],Fund-of-Funds,Luxembourg,NR,NR
Stripe 39 L.P.,Fund-of-Funds,Cayman Islands,NR,NR
Vintage 2018 Private Investments Offshore SICAV-RAIF S.C.Sp. [JPMorgan],Fund-of-Funds,Luxembourg,NR,NR
"Vintage 2018 Private Investments, LLC [JPMorgan]",Fund-of-Funds,United States,NR,NR
"Brookfield Strategic Real Estate Partners III (iCapital), L.P.",Fund-of-Funds,United States,NR,NR
Brookfield Strategic Real Estate Partners III-B Access Fund L.P.,Fund-of-Funds,United States,NR,NR
"Brookfield Opportunistic Real Estate III Access Fund (Offshore), L.P.",Fund-of-Funds,United States,NR,NR
Bezos Family Foundation,Foundation,United States,NR,NR
Brookfield Strategic Real Estate Partners III-C Access Fund L.P.,Fund-of-Funds,Cayman Islands,NR,NR
Platinum Cavalry B 2023 RSC Limited [transferred from Revere Holdings Limited],SWF,,NR,NR
(S.E.E.) Soka University of America,Endowment,United States,NR,NR
"425 Private Fund I, LLC",Fund-of-Funds,United States,NR,NR
AGUR Provident and Training Funds Management LTD,Investment Company,Israel,NR,NR
Allianz Leben Private Equity Fonds 2001 GmbH,Fund-of-Funds,Germany,NR,NR
Allianz Private Equity Fund SCSp,Fund-of-Funds,Luxembourg,NR,NR
AlpInvest PM GP B.V. as title holder and in its capacity as general partner of ALP PM Primary C.V,Fund-of-Funds,Netherlands,NR,NR
"APG Private Equity Fund 2022-2023 GP, B.V., for the account of PEF 2022-2023 Pass, C.V.",Fund-of-Funds,Netherlands,NR,NR
APKV Private Equity Fonds GmbH,Fund-of-Funds,Germany,NR,NR
Apple Company,Corporate,,NR,NR
"ASF Armada, L.P.",Fund-of-Funds,United States,NR,NR
ASF Camelia II L.P.,Fund-of-Funds,United States,NR,NR
"ASF Rembrandt, L.P.",Fund-of-Funds,United States,NR,NR
AustralianSuper Investments Pty Ltd as trustee for AustralianSuper Investments Fund No.3,Other Pension Plan,Australia,NR,NR
Auto Club Insurance Association,Insurance Company,United States,NR,NR
AZ-SGD Private Equity Fonds GmbH,Investment Company,Germany,NR,NR
Berkshire Taconic Community Foundation,Foundation,United States,NR,NR
Bluewater Investments Limited,Investment Company,Guernsey,NR,NR
Board of Administration of the Los Angeles City Employees' Retirement System,Public Pension Plan,United States,NR,NR
BP Pension Trustees Limited as Trustee of the BP Pension Fund,Corporate Pension Plan,UK,NR,NR
California State Teachers Retirement System,Public Pension Plan,United States,AA-,Aa3
"Clipway SPV 2 GP S.à r.I., for and on behalf of Clipway 102 SCSp",Fund-of-Funds,Luxembourg,NR,NR
Commonfund Capital Secondary Partners III L.P.,Fund-of-Funds,United States,NR,NR
CPP Investment Board (USRE IV) Inc.,Public Pension Plan,Canada,AAA,Aaa
Credit Suisse Anlagestiftung 2 Saule,Fund-of-Funds,Switzerland,NR,NR
"CSP IV Holdings, L.P.",Fund-of-Funds,Cayman Islands,NR,NR
"Cypress Capital Holdings, LLC",Investment Company,United States,NR,NR
Eaton Corporation Master Retirement Trust,Corporate Pension Plan,United States,NR,NR
Epsilon Pension Investment Canada LP,Other Pension Plan,United States,NR,NR
Fresno County Employees' Retirement Association,Public Pension Plan,United States,NR,NR
FundPartner Solutions (Europe) S.A. for the account of RP Institutional Fund – Private Equity 2,Fund-of-Funds,Luxembourg,NR,NR
Gore Hill Investments,Investment Company,UK,NR,NR
Grayhawk Structural Alternatives Pool,Fund-of-Funds,Canada,NR,NR
HarbourVest Dover Street XI Investment L.P.,Fund-of-Funds,United States,NR,NR
Healthcare of Ontario Pension Plan Trust Fund,Corporate Pension Plan,Canada,NR,NR
HL Large Buyout Club Fund V,Fund-of-Funds,United States,NR,NR
Horace Mann School,Endowment,United States,NR,NR
HV Gondor LLC,Investment Company,United States,NR,NR
Illinois State Board of Investment,Public Pension Plan,United States,A-,A2
IMCPE INV 2022 Limited Partnership,Fund-of-Funds,Canada,NR,NR
Indiana University Health Inc.,Endowment,United States,NR,NR
International Bank for the Reconstruction and Development as Trustee for the Retired Staff Benefits Plan and Trust,Corporate Pension Plan,United States,NR,NR
International Bank for the Reconstruction and Development as Trustee for the Staff Retirement Plan and Trust,Corporate Pension Plan,United States,NR,NR
International Bank for the Reconstruction and Development on behalf of its Post-Employment Benefits Plan,Corporate Pension Plan,United States,NR,NR
"Keats Primary, LLC as general partner of Keats Primary LP",Fund-of-Funds,United States,NR,NR
Key Capital - Private Equity Funds PLC on behalf of Key Capital - Private Equity Fund VI,Fund-of-Funds,Ireland,NR,NR
Landmark XVII Private Equity Partners LP,Fund-of-Funds,United States,NR,NR
Larchpoint 1B LP,Fund-of-Funds,UK,NR,NR
"LCP X Holdings, L.P.",Fund-of-Funds,United States,NR,NR
LHS GmbH,Fund-of-Funds,Germany,NR,NR
Lifeyrissjodur Starfsmanna Riksins Department A,Public Pension Plan,Iceland,NR,NR
"MetLife Investment Private Equity Partners, L.P.",Fund-of-Funds,United States,NR,NR
Metropolitan Life Insurance Company,Insurance Company,United States,AA-,Aa3
Metropolitan Life Insurance Company (on behalf of Separate Account 285),Insurance Company,United States,NR,NR
Metropolitan Tower Life Insurance Company,Insurance Company,United States,AA-,Aa3
"MUFG Bank, Ltd",Financial Institution,Japan,A,A1
NB RPPE Partners LP,Fund-of-Funds,United States,NR,NR
Netley Capital L.P.,Investment Company,Jersey,NR,NR
"NewVest Vintage 2022 Aggregator (PE 50), LP",Fund-of-Funds,United States,NR,NR
NM REGAL LLC,Fund-of-Funds,United States,NR,NR
"Nordea Danmark, Filial af Nordea Bank Abp, Finland",Financial Institution,Denmark,NR,NR
Orange County Employees Retirement System,Public Pension Plan,United States,NR,NR
Partners Group Barrier Reef L.P.,Fund-of-Funds,UK,NR,NR
Partners Group Global Value SICAV,Fund-of-Funds,Luxembourg,NR,NR
"Partners Group Orbit S.C.Sp., SICAV-RAIF",Fund-of-Funds,Luxembourg,NR,NR
"Partners Group Private Equity II, LLC",Fund-of-Funds,United States,NR,NR
PE21GV British Coal Ltd,Fund-of-Funds,UK,NR,NR
PE21PX British Coal Ltd,Fund-of-Funds,UK,NR,NR
PEP Gateway Investors Administration B Pty Limited ATF PEP Gateway Private Fund,Fund-of-Funds,Australia,NR,NR
PES Nile Holdings LP,Fund-of-Funds,Cayman Islands,NR,NR
PEV Onshore Holdings 2029 LLC,Fund-of-Funds,United States,NR,NR
"Pomona Capital X, L.P.",Fund-of-Funds,United States,NR,NR
Primapen KmGK,Fund-of-Funds,Germany,NR,NR
Private Equity Fund Finance,Fund-of-Funds,,NR,NR
Raiden Global ICAV on behalf and for the account of the sub-fund 2023 Fund,Fund-of-Funds,Ireland,NR,NR
Régimes PP Europe Inc.,Fund-of-Funds,Canada,NR,NR
Roncesvalles Investments Inc.,Fund-of-Funds,Canada,NR,NR
RV AIP S.C.S. SICAV-SIF on behalf of its sub-fund RV AIP S.C.S. SICAV SIF TF 3 Primaries,Fund-of-Funds,Luxembourg,NR,NR
Santa Barbara County Employees' Retirement System,Public Pension Plan,United States,AA-,Aa2
"Save the Children Federation, Inc",Foundation,United States,NR,NR
Sounio LLC,Investment Company,United States,NR,NR
SP Juno Acquisitions LP,Fund-of-Funds,United States,NR,NR
Standard Chartered Bank Korea Limited as Trustee for VOGO Cinven 8 Buyout Private Fund I,Fund-of-Funds,South Korea,NR,NR
Structured Solutions IV Primary Fund L.P.,Fund-of-Funds,United States,NR,NR
Sumitomo Mitsui Banking Corporation,Financial Institution,Japan,A,A1
Teachers Retirement System of the State of Illinois,Public Pension Plan,United States,A-,A3
Teak Capital B.V.,Family Office,Netherlands,NR,NR
Tennessee Consolidated Retirement System,Public Pension Plan,United States,AAA,Aaa
Texas Education Agency,Endowment,United States,AAA,Aaa
TfL Trustee Company Limited as Trustee of the TfL Pension Fund,Corporate Pension Plan,UK,NR,NR
The Auto Club Group,Corporate,United States,NR,NR
The Greater Share Education Fund,Foundation,,NR,NR
THE NORTHWESTERN MUTUAL LIFE INSURANCE COMPANY for its Group Annuity Separate Account,Corporate Pension Plan,United States,AA+,Aaa
"The State of Oregon, by and through the Oregon Investment council on behalf of the Oregon Public Employees Retirement fund",Public Pension Plan,United States,AA+,Aa1
Thor Holdings I LP,Fund-of-Funds,United States,NR,NR
"Toranomon Private Equity 1, L.P",Fund-of-Funds,Japan,NR,NR
UMBALTI FBO BROWN ADVISORY PRIVATE EQUITY PARTNERS 10 LP,Fund-of-Funds,United States,NR,NR
Washington State Investment Board,Public Pension Plan,United States,AA+,Aaa
Willow Company,Corporate,,NR,NR
2018 Azalea Limited,Fund-of-Funds,Cayman Islands,NR,NR
AARP,Insurance Company,United States,NR,Aa2
AARP Employees' Pension Plan,Corporate Pension Plan,United States,NR,NR
AARP Foundation,Foundation,United States,NR,NR
Afa Försäkring tjänstepensionsaktiebolag,Other Pension Plan,Sweden,NR,NR
AFL Srl,Fund-of-Funds,Italy,NR,NR
AltoCumulus Assets AB,Family Office,Sweden,NR,NR
Arkelhave Capital B.V.,Fund-of-Funds,Netherlands,NR,NR
Arriondas Investments S.à.r.l. – SPF,Fund-of-Funds,Luxembourg,NR,NR
Beisheim Holding GmbH,Family Office,Germany,NR,NR
Besor Coral Investment Ltd,Investment Company,British Virgin Islands,NR,NR
Brown Brothers Harriman & Co As Custodian for AFP Capital SA Tipo A 0103325,Other Pension Plan,Chile,NR,NR
Brown Brothers Harriman & Co As Custodian for AFP Capital SA Tipo B 0103333,Other Pension Plan,Chile,NR,NR
Brown Brothers Harriman & Co As Custodian for AFP Capital SA Tipo C 0101329,Other Pension Plan,Chile,NR,NR
CA LARGE BO PROGRAM SLP,Fund-of-Funds,Canada,NR,NR
Campo Belo Investment Limited,Fund-of-Funds,,NR,NR
Cassa Nazionale di Previdenza e Assistenza a favore dei Dottori Commercialisti,Public Pension Plan,Italy,NR,NR
CIS Investments B.V.,Fund-of-Funds,Netherlands,NR,NR
CLEARSTREAM BANKING S.A. AFS AFP PROVIDA FONDO DE EPSNIONES TIPO A,Other Pension Plan,Chile,NR,NR
CLEARSTREAM BANKING S.A. AFS AFP PROVIDA FONDO DE PENSIONES TIPO B,Other Pension Plan,Chile,NR,NR
CLEARSTREAM BANKING S.A. AFS AFP PROVIDA FONDO DE PENSIONES TIPO C,Other Pension Plan,Chile,NR,NR
CLEARSTREAM BANKING S.A. AFS AFP PROVIDA FONDO DE PENSIONES TIPO D,Other Pension Plan,Chile,NR,NR
Clearstream Banking S.A. Alternative Fund Services (AFS) as subcustodian of Citibank N.A. as custodian for AFP Cuprum S.A. acting for Fondo de Pensiones Tipo A,Other Pension Plan,Chile,NR,NR
Clearstream Banking S.A. Alternative Fund Services (AFS) as subcustodian of Citibank N.A. as custodian for AFP Cuprum S.A. acting for Fondo de Pensiones Tipo B,Other Pension Plan,Chile,NR,NR
Clearstream Banking S.A. Alternative Fund Services (AFS) as subcustodian of Citibank N.A. as custodian for AFP Cuprum S.A. acting for Fondo de Pensiones Tipo.C,Other Pension Plan,Chile,NR,NR
Coller Partners 808 LP Incorporated,Fund-of-Funds,Guernsey,NR,NR
Compass Cinven VIII Private Equity Fondo de Inversión,Fund-of-Funds,Chile,NR,NR
Deka Investment GmbH acting for and on behalf of CH Alternatives,Fund-of-Funds,Germany,NR,NR
DVM Private Markets GmbH & Co. KG,Fund-of-Funds,Germany,NR,NR
Equicap GmbH,Family Office,Germany,NR,NR
Evli Private Equity I Ky,Fund-of-Funds,Finland,NR,NR
Evli Private Equity III Ky,Fund-of-Funds,Finland,NR,NR
FINVIA S.C.S. SICAV-RAIF - FINVIA Cinven 8,Fund-of-Funds,Luxembourg,NR,NR
FINVIA S.C.S. SICAV-RAIF - FINVIA PE Selection 2022,Fund-of-Funds,Luxembourg,NR,NR
Forestal O'Higgins Internacional SpA,Fund-of-Funds,Chile,NR,NR
Gijón Investments S.a.r.l -SPF,Fund-of-Funds,Luxembourg,NR,NR
Global Scope Investments Limited,Investment Company,UK,NR,NR
Gorongoro Investments S.à.r.l. – SPF,Fund-of-Funds,Luxembourg,NR,NR
Greenview Investments Inc,Investment Company,British Virgin Islands,NR,NR
Hannover Re Euro PE Holdings GmbH & Co KG,Insurance Company,Germany,NR,NR
HDI Lebensversicherung AG,Insurance Company,Germany,A+,NR
HQ Trust Investment SICAV-SIF - Librarius,Fund-of-Funds,Luxembourg,NR,NR
HQT Cinven VIII GmbH & Co. KG,Fund-of-Funds,Germany,NR,NR
Internationale Kapitalanlagegesellschaft mbH acting for the account of Zugspitze Private Equity,Fund-of-Funds,Germany,NR,NR
Inversiones Calbuco,Fund-of-Funds,Chile,NR,NR
IPG Asset Management SPC - IPG Alternative Investments Fund SP,Fund-of-Funds,United States,NR,NR
Juspo Holding GmbH,Fund-of-Funds,Germany,NR,NR
JWG Management B.V.,Fund-of-Funds,Netherlands,NR,NR
Kåpan tjänstepensionsförening,Public Pension Plan,Sweden,NR,NR
La Unión S.à r.l. SPF,Investment Company,Luxembourg,NR,NR
Landesbank Hessen-Thuringen Girozentrale,Financial Institution,Germany,NR,Aa2
Lombard International Assurance S.A.,Insurance Company,Luxembourg,NR,NR
"Maatschap WilNoot, acting by its partners NMB Holding B.V. and LFH Zuid B.V.",Fund-of-Funds,Netherlands,NR,NR
"Main Universal SCSp, SICAV-SIF - Private Equity Germany",Fund-of-Funds,Luxembourg,NR,NR
MasiratMk7 Ltd,Fund-of-Funds,,NR,NR
Meru Investment GmbH,Fund-of-Funds,Germany,NR,NR
NB Crossroads Private Markets Fund VII Holdings LP,Fund-of-Funds,United States,NR,NR
Nordic Investment Opportunities CIV III AIV KS,Fund-of-Funds,Denmark,NR,NR
Nordic Investment Opportunities CIV III KS,Fund-of-Funds,Denmark,NR,NR
"Partners Group Barrier Reef PF Access 47, L.P.",Fund-of-Funds,UK,NR,NR
"Partners Group Everest Access, LLC",Fund-of-Funds,Switzerland,NR,NR
Pension Alternative Markets SCS SICAV-FIS - Pension Alternative Markets VII,Other Pension Plan,Luxembourg,NR,NR
PEV Offshore Holdings 2029 LP,Fund-of-Funds,Cayman Islands,NR,NR
Pochoco Investments S.à.r.l. - SPF,Fund-of-Funds,Luxembourg,NR,NR
Polux Investments Limited Partnership,Fund-of-Funds,UK,NR,NR
"Private Markets Fund II S.C.Sp, SICAV-RAIF – Private Equity",Fund-of-Funds,Luxembourg,NR,NR
RAED CAPITAL HOLDINGS 2 LTD,Fund-of-Funds,,NR,NR
RAG Finanz-GmbH & Co. KG,Fund-of-Funds,Germany,NR,NR
RAG-S Private Equity GmbH & Co. KG,Fund-of-Funds,Germany,NR,NR
RI Investments Holdings B.V.,Fund-of-Funds,Netherlands,NR,NR
Samsung Life Insurance Co. Ltd.,Insurance Company,South Korea,NR,NR
"Samsung Life Insurance Co., Ltd. for retirement pension account",Corporate Pension Plan,South Korea,NR,NR
Signal Iduna Select Invest GmbH,Insurance Company,Germany,NR,NR
Sjätte AP-fonden,Public Pension Plan,Sweden,NR,NR
SOFAZ Europe S.C.S.,SWF,Luxembourg,NR,NR
"SOPAI SICAV-RAIF, sub-fund SOPAI PE",Fund-of-Funds,Luxembourg,NR,NR
Sphinx Investment Pte Ltd,SWF,Singapore,NR,NR
"Stichting Bedrijfstakpensioenfonds Mode-, Interieur-, Tapijt- en Textielindustrie (MITT)",Other Pension Plan,Netherlands,NR,NR
"Stichting Bestuur Wounded Knee, acting for and on behalf of C.V. Revelstoke",Fund-of-Funds,Netherlands,NR,NR
Stichting Depositary PGGM Private Equity Funds PGGM Vermogensbeheer B.V.,Fund-of-Funds,Netherlands,NR,NR
Stichting Hamersley in respect of Fund for Joint Account (FGR) Hamersley,Fund-of-Funds,Netherlands,NR,NR
Stichting Pensioenfonds Metaal en Techniek,Corporate Pension Plan,Netherlands,NR,NR
Stichting Pensioenfonds Rail & Openbaar Vervoer,Other Pension Plan,Netherlands,NR,NR
Stichting PME pensioenfonds,Other Pension Plan,Netherlands,NR,NR
"Stichting Ultrium, acting on behalf of and for the account of Portfolio Investments C.V.",Corporate Pension Plan,Netherlands,NR,NR
Telmar Commercial Business Inc,Corporate,UK,NR,NR
"The Master Trust Bank of Japan, Ltd acting as trustee for Trust Fund No.400095092",Fund-of-Funds,Japan,NR,NR
The Sherman Family Foundation,Family Office,Canada,NR,NR
Tilad Funds Investment Limited - II F,Fund-of-Funds,Cayman Islands,NR,NR
Tilad Funds Investment Limited - III M,Fund-of-Funds,Cayman Islands,NR,NR
Tilad Funds Investment Limited - IV P,Fund-of-Funds,Cayman Islands,NR,NR
Tilad Funds Investment Limited - V B,Fund-of-Funds,Cayman Islands,NR,NR
Tilad Funds Investment Limited - VI AMK,Fund-of-Funds,Cayman Islands,NR,NR
Tulipier Limited,Investment Company,UK,NR,NR
Union Bancaire Privee Ref Moka Limited,Fund-of-Funds,Monaco,NR,NR
UNIQA Capital Partners S.A. SICAV-RAIF- Private Equity Select,Fund-of-Funds,Luxembourg,NR,NR
Universal-Investment-Luxembourg S.A. acting on behalf of its Luxembourg special fund BAYVK P4-Fonds,Fund-of-Funds,Luxembourg,NR,NR
University of Maryland Medical System Corporation,Endowment,United States,NR,NR
Utica Overseas Inc,Investment Company,United States,NR,NR
Wirtgen Invest Venture GmbH,Family Office,Germany,NR,NR
Yellowcreek Investments Ltd,Investment Company,UK,NR,NR
AIA VCC for a/c AIA EQUITY FUND 2022,Fund-of-Funds,Singapore,NR,NR
AsterInvest Holdings Pte. Ltd.,Fund-of-Funds,Singapore,NR,NR
ATIC Third International Investment Company LLC,SWF,United Arab Emirates,NR,NR
"CDPQ Fonds 780, S.E.C.",Public Pension Plan,Canada,NR,NR
Coal Pension (Securities) Nominees Limited as Trustee of the Mineworkers' Private Equity Trust,Other Pension Plan,UK,NR,NR
"Crescenta Private Equity Buyouts Top Performers I, FCR",Fund-of-Funds,Spain,NR,NR
ET Holdings Nominee Limited as Nominee for ET Holdings LP,Investment Company,UK,NR,NR
EUROPE PORTFOLIO XI COMPANY LIMITED,Fund-of-Funds,Cayman Islands,NR,NR
Global Capital Opportunity Company,Investment Company,Cayman Islands,NR,NR
"Gold II, L.P.",Investment Company,Cayman Islands,NR,NR
GuoLine (Singapore) Pte Ltd,Fund-of-Funds,Singapore,NR,NR
"HL CAPI Invercap Fund LP, HL CAPI 22-4 Series",Fund-of-Funds,United States,NR,NR
"HL CAPI Invercap Fund LP, HL CAPI 22-5 Series",Fund-of-Funds,United States,NR,NR
"HL CAPI Invercap Fund LP, HL CAPI 22-6 Series",Fund-of-Funds,United States,NR,NR
HL SBJF PE Fund LP,Fund-of-Funds,United States,NR,NR
"IMCO PRIVATE EQUITY B SUB GP LTD., ON BEHALF OF IMCO PRIVATE EQUITY B SUB LP",Fund-of-Funds,Canada,NR,NR
K Venus Investments No.46 Limited,Other,United States,NR,NR
Kaede Fund 2023,Fund-of-Funds,Cayman Islands,NR,NR
"Korea Investment Corporation, Solely in its capacity as investment manager for the Ministry of Strategy and Finance of the Republic of Korea",SWF,South Korea,AA,Aa2
LGT Capital Invest (SC2) Limited,Fund-of-Funds,Cayman Islands,NR,NR
Magellan 2324 Limited,Fund-of-Funds,UK,NR,NR
"MetLife International PE Fund VII, LP",Fund-of-Funds,United States,NR,NR
Misland Capital Limited acting as a nominee to Berco Limited,Investment Company,UK,NR,NR
"Mizuho Bank, Ltd.",Financial Institution,Japan,A,A1
Moonstone Investments Limited,Investment Company,Jersey,NR,NR
Northern Pool GP (No.1) Limited acting as General Partner of the Northern Private Equity Pool LP,Fund-of-Funds,UK,NR,NR
"ORILLA ASSET MANAGEMENT, S.L.",Investment Company,Spain,NR,NR
"Partners Group - FPP Plan, L.P.",Corporate Pension Plan,United States,NR,NR
"Partners Group Private Equity (Master Fund), LLC",Fund-of-Funds,United States,NR,NR
PEP Global Fund 15 EUR,Fund-of-Funds,Luxembourg,NR,NR
"Platinum II, L.P.",Other,Cayman Islands,NR,NR
Platinum Ivy B 2018 RSC Limited,SWF,United Arab Emirates,NR,NR
PNB Capital Global 2 LLC,Fund-of-Funds,Cayman Islands,NR,NR
Port-Aux-Choix Private Investments Inc.,Fund-of-Funds,Canada,NR,NR
"South Shore II, L.P.",Investment Company,Cayman Islands,NR,NR
Standard Chartered Bank Korea Limited as trustee of CrownRock Europe Buyout Private Fund I,Fund-of-Funds,South Korea,NR,NR
Stealth PEF Company,Investment Company,Cayman Islands,NR,NR
Tarragon Master Fund LP,Fund-of-Funds,United States,NR,NR
TELSTRA SUPER PTY LTD ATF TELSTRA SUPERANNUATION,Other Pension Plan,Australia,NR,NR
The Governors of The University of Alberta,Endowment,Canada,NR,NR
The Governors of the University of Calgary,Endowment,Canada,NR,NR
The Walt Disney Company Retirement Plan Master Trust,Corporate Pension Plan,United States,NR,NR
"Toranomon Private Equity 2, LP",Fund-of-Funds,Japan,NR,NR
Toronto Transit Commission Pension Fund Society,Other Pension Plan,Canada,NR,NR
"Tundra Investment Co., Ltd.",Fund-of-Funds,China,NR,NR
"Vestcor Investments Private Equity, L.P.",Public Pension Plan,Canada,NR,NR
Woori Bank,Financial Institution,South Korea,A+,A1
Workers' Compensation Reinsurance Association,Insurance Company,United States,NR,NR
ACP Multiactivo I FCR,Fund-of-Funds,Spain,NR,NR
"ACP Private Equity 7 FCR, acting by ALTAMAR PRIVATE EQUITY SGIIC, S.A.U. in its capacity as management company",Fund-of-Funds,Spain,NR,NR
"AM GESTIO VENTURE CAPITAL SCR S.A., acting by ALTAMAR PRIVATE EQUITY SGIIC, S.A.U. in its capacity as management company",Fund-of-Funds,Spain,NR,NR
"Aracorp Capital SCR, S.A.",Investment Company,Spain,NR,NR
"Asbury, SCR., S.A., acting by ALTAMAR PRIVATE EQUITY SGIIC, S.A.U. in its capacity as management company",Fund-of-Funds,Spain,NR,NR
"AXA Fund Platform Private Equity S.C.A., SICAV-RAIF - Vintage 2022",Fund-of-Funds,Luxembourg,NR,NR
Blue Square SCA SICAV-RAIF,Fund-of-Funds,Luxembourg,NR,NR
CN Eighth Access Offshore FIB LLC,Fund-of-Funds,United States,NR,NR
"EMBARCADERO PRIVATE EQUITY PREMIUM, S.C.R., S.A.",Fund-of-Funds,Spain,NR,NR
"EXEA CAPITAL S.C.R., S.A.U.",Fund-of-Funds,Spain,NR,NR
"Full Global Investments, S.C.R., S.A.",Fund-of-Funds,Spain,NR,NR
"Galma PE Inversiones SCR, S.A.",Fund-of-Funds,Spain,NR,NR
"Hispavima Capital Privado SCR, S.A.",Investment Company,Spain,NR,NR
"KAI Capital Investment SCR, S.A.",Investment Company,Spain,NR,NR
"LANDON INVESTMENTS, SOCIEDAD DE CAPITAL RIESGO, S.A.",Fund-of-Funds,Spain,NR,NR
"MAPFRE PRIVATE EQUITY I FCR, acting by ABANTE ASESORES GESTIÓN SGIIC, S.A. in its capacity as management company",Fund-of-Funds,Spain,NR,NR
Moonfare Feeder A67 SCSp,Fund-of-Funds,Luxembourg,NR,NR
ODDO BHF Secondaries Fund II S.L.P.,Fund-of-Funds,France,NR,NR
"PANTOQUE GESTION SCR, S.A",Fund-of-Funds,Spain,NR,NR
"TALEA CAPITAL PARTNERS, S.V. S.A.U.",Fund-of-Funds,Spain,NR,NR
TITANBAY MASTER FUND SCSp-RAIF – Titanbay Cinven 8,Fund-of-Funds,Luxembourg,NR,NR
"VARINI INVERSIONES S.C.R., S.A.",Fund-of-Funds,Spain,NR,NR
"Whymper 1865 SCR, S.A.",Fund-of-Funds,Spain,NR,NR
"Yukon Private Equity SCR, S.A.",Fund-of-Funds,Spain,NR,NR
Abante Private Equity I FCR,Fund-of-Funds,Spain,NR,NR
abrdn Private Equity Opportunities Trust plc,Fund-of-Funds,UK,NR,NR
"Altamar X Global Private Equity Program FCR acting by Altamar Private Equity SGIIC, SAU",Fund-of-Funds,Spain,NR,NR
Avadis Anlagestiftung – Private Equity World XIII,Fund-of-Funds,Switzerland,NR,NR
Bank Julius Baer & Co. Ltd.,Family Office,Switzerland,NR,A3
"Blackrock MD Private Opportunities Fund, L.P.",Fund-of-Funds,,NR,NR
"Blainville SCR, SA",Fund-of-Funds,Spain,NR,NR
Brown Brothers Harriman & Co. as custodian for AFP Habitat - HA Fondo 2 4550224,Other Pension Plan,Peru,NR,NR
Brown Brothers Harriman & Co. as custodian for AFP Habitat - HA Fondo 3 4550232,Other Pension Plan,Peru,NR,NR
Citigroup Pension Plan,Corporate Pension Plan,United States,NR,NR
Coller Partners 707 LP Incorporated,Fund-of-Funds,Guernsey,NR,NR
Cornell University,Endowment,United States,NR,NR
Eagle Properties (No.5) Limited,SWF,Jersey,NR,NR
ERI-Lux Umbrella Fund S.A. SICAV-RAIF – ERI-Fonds 5 Private Equity,Fund-of-Funds,Luxembourg,NR,NR
Felician Sisters of North America Endowment Trust,Fund-of-Funds,United States,NR,NR
"Gold, L.P.",Insurance Company,United States,NR,NR
Gustavus Adolphus College,Endowment,United States,NR,NR
Gutmann Private Markets S.C.S SICAV-FIS (Gutmann Private Equity V),Financial Institution,Luxembourg,NR,NR
HDI AI EUR Beteiligungs-GmbH & Co.KG,Insurance Company,Germany,NR,NR
HQT Cinven VII GmbH & Co.KG,Family Office,Germany,NR,NR
HV Macedonia LLC,Fund-of-Funds,United States,NR,NR
"Investar General Partner Limited on behalf of Investar FOF Portfolio, L.P.",Family Office,Cayman Islands,NR,NR
JBI B.V.,Family Office,Netherlands,NR,NR
John D. and Catherine T. MacArthur Foundation,Foundation,United States,NR,NR
"JP Morgan Chase Bank, N.A. as Trustee for the Boeing Company Employment Retirement Plan Master Trust",Corporate Pension Plan,United States,NR,NR
"JRP SPP 2019-TE, L.P.",Fund-of-Funds,Cayman Islands,NR,NR
"Juni Private Equity Fund N (EUR), LP",Fund-of-Funds,,NR,NR
K Zeta Investments No. 13 Limited,Endowment,UK,NR,NR
"Kallisto Fund Platform S.C.S., SICAV-RAIF Kallisto Fund Platform Pillar II 2018",Fund-of-Funds,Luxembourg,NR,NR
KEB Hana bank as Trustee of VOGO Europe Buyout Private Fund III,Public Pension Plan,South Korea,NR,NR
"KF-CIV5 Holdings, Ltd",SWF,Cayman Islands,NR,NR
"Landon Investments SCR, S.A.U.",Fund-of-Funds,Spain,NR,NR
Lombard International Assurance S.A. PCP47082,Family Office,Luxembourg,NR,NR
Lombard International Assurance S.A. PCP47083,Family Office,Luxembourg,NR,NR
Lombard International Assurance S.A. PCP47084,Family Office,Luxembourg,NR,NR
Lumiere Opportunity Company,Investment Company,Cayman Islands,NR,NR
Matrix Fund Investment Ltd. SAC - Class AG,Family Office,Bahamas,NR,NR
Matrix Fund Investment Ltd. SAC - Class MK,Family Office,Bahamas,NR,NR
Mazes B.V on behalf of Riverstrijp C.V,Fund-of-Funds,Netherlands,NR,NR
Moonfare Feeder 9 SCS,Fund-of-Funds,Luxembourg,NR,NR
NB Central Valley Holdings LP,Fund-of-Funds,United States,NR,NR
NB SOF V Holdings LP,Fund-of-Funds,United States,NR,NR
Nieuwgeluk Investments B.V.,Family Office,Netherlands,NR,NR
Novo Holdings A/S,Endowment,Denmark,NR,NR
Ophelia International Investments - Private Equity II,Family Office,Luxembourg,NR,NR
"Palmdale 2022, LLC",Corporate Pension Plan,United States,NR,NR
Pensionskasse Stadt Zurich/City of Zurich Pension Fund,Public Pension Plan,Switzerland,NR,NR
PEP Global Fund 7 EUR,Financial Institution,Luxembourg,NR,NR
PNB Capital Global 1 LLC,Financial Institution,Cayman Islands,NR,NR
Rochester Institute of Technology,Endowment,United States,NR,NR
SMT Mega Fund,Insurance Company,,NR,NR
"South Shore, L.P.",Insurance Company,United States,NR,NR
"StepStone H Opportunities Fund Holdings, L.P.",Fund-of-Funds,United States,NR,NR
Stichting Depositary PGGM Private Equity Funds acting in its capacity as title holder of PGGM Private Equity Fund,Public Pension Plan,Netherlands,NR,NR
Stichting Dwaelster on behalf and for the account of mutual fund PECIN,Fund-of-Funds,Netherlands,NR,NR
Stichting SPF PE POOL on behalf of SPF PE POOL FGR,Public Pension Plan,Netherlands,NR,NR
"Taiwan Life Insurance Co., Ltd",Insurance Company,Taiwan,BBB+,NR
TD-BA Private Equity GmbH & Co.KG,Insurance Company,Germany,NR,NR
"TelstraSuper Pty Ltd Telstra Superannuation Scheme, as custodied by JP Morgan Chase Bank N.A (Sydney Branch) acting through its nominee JP Morgan Australia Pty LTD",Corporate Pension Plan,Australia,NR,NR
The Berlin Family Foundation,Family Office,United States,NR,NR
Tredje AP-fonden,Public Pension Plan,Sweden,NR,NR
"TSCL Private Markets Fund, L.P.",Fund-of-Funds,Cayman Islands,NR,NR
2018 Ibis Limited,Fund-of-Funds,Cayman Islands,NR,NR
2018 Mozu Limited,Fund-of-Funds,Cayman Islands,NR,NR
"AFP Habitat S.A. on behalf Pension Funds Type A,B,C, D and E",Other Pension Plan,Chile,NR,NR
Ahli United Bank (UK) plc,Financial Institution,UK,NR,NR
Alpha Z Private Equity Fund III L.P.,Fund-of-Funds,United States,NR,NR
AlpInvest Fondo B.V as title holder and in its capacity as general partner of AP Fondo Primaries II C.V,Fund-of-Funds,Netherlands,NR,NR
AlpInvest G GP B.V as title holder and in its capacity as general partner of AG Primary C.V.,Fund-of-Funds,Netherlands,NR,NR
AlpInvest PEP GP B.V as title holder and in its capacity as general partner of AlpInvest PEP Primary 2018 C.V.,Fund-of-Funds,Netherlands,NR,NR
AlpInvest SF VI B.V as title holder and in its capacity as general partner of ASF (Euro) VI Primary C.V.,Fund-of-Funds,Netherlands,NR,NR
AlpInvest SF VI B.V as title holder and in its capacity as general partner of ASF VI Primary C.V,Fund-of-Funds,Netherlands,NR,NR
ASI Private Equity 1 (Guernsey) Limited,Fund-of-Funds,Guernsey,NR,NR
ASI Private Equity 2 (Guernsey) Limited,Fund-of-Funds,Guernsey,NR,NR
"Bear Paw Assets II, LLC",Financial Institution,United States,NR,NR
Brighthouse Life Insurance Company,Insurance Company,United States,NR,NR
Brown Brothers Harriman & Co As Custodian for AFP Capital SA Tipo D 0103341,Other Pension Plan,Chile,NR,NR
Brown Brothers Harriman & Co. as Custodian for AFP Cuprum S.A. Fondo De Pensiones Tipo A,Other Pension Plan,Chile,NR,NR
Brown Brothers Harriman & Co. as Custodian for AFP Cuprum S.A. Fondo De Pensiones Tipo B,Other Pension Plan,Chile,NR,NR
Brown Brothers Harriman & Co. as Custodian for AFP Cuprum S.A. Fondo De Pensiones Tipo C,Other Pension Plan,Chile,NR,NR
Brown Brothers Harriman & Co. as Custodian for AFP Cuprum S.A. Fondo De Pensiones Tipo D,Other Pension Plan,Chile,NR,NR
Brown Brothers Harriman & Co. as Custodian for AFP Cuprum S.A. Fondo De Pensiones Tipo E,Other Pension Plan,Chile,NR,NR
"CAI S.A., SICAV-FIS (Sub-fund: Concordia PE 2017)",Fund-of-Funds,Luxembourg,NR,NR
"Cargill, Incorporated & Associated Companies Master Pension Trust",Corporate Pension Plan,United States,NR,NR
Coal Pension (Securities) Nominees Limited as Trustee of the Coal Staff Private Equity Trust,Corporate Pension Plan,UK,NR,NR
Coller Partners 902 LP Incorporated,Fund-of-Funds,UK,NR,NR
Compass Cinven VII Private Equity Fondo de Inversion,Fund-of-Funds,Spain,NR,NR
Core Investments Limited,Family Office,UK,NR,NR
DeA Endowment Fund Acting by its Management Company DeA Capital Alternative Funds SGR SPA,Fund-of-Funds,Italy,NR,NR
Dr. Kurt Schwarz,Family Office,,NR,NR
Engelstad Family Foundation,Endowment,United States,NR,NR
Europe Portfolio IX Company Limited,Insurance Company,Cayman Islands,NR,NR
Evli Private Equity II Ky,Corporate Pension Plan,Finland,NR,NR
First Abu Dhabi Bank PJSC,Financial Institution,United Arab Emirates,AA-,Aa2
HarbourVest 2018 Global AIF L.P.,Fund-of-Funds,United States,NR,NR
HarbourVest 2018 Global Fund L.P.,Fund-of-Funds,United States,NR,NR
HL ENPAM Fund Splitter LP,Fund-of-Funds,United States,NR,NR
HL Large Buyout Club Fund II SA RAIF,Fund-of-Funds,United States,NR,NR
Hospital Sisters Health System Strategic Fund LP,Fund-of-Funds,United States,NR,NR
Idaho National Laboratory Employee Retirement Plan Trust,Corporate Pension Plan,UK,NR,NR
IMCPE 2019 Inc,Public Pension Plan,Canada,NR,NR
Investitori SGR SpA acting in the name and on behalf of Allianz Private Equity Partners V,Insurance Company,Italy,NR,NR
"JRP SPP 2019, L.P.",Fund-of-Funds,United States,NR,NR
"Keats 510, LLC acting in its capacity as General Partner of Keats 510, Limited Partnership",Fund-of-Funds,United States,NR,NR
Key Capital - Private Equity Fund plc on behalf of Key Capital - Private Equity Fund IV,Other,Ireland,NR,NR
Key Square Capital Partners Ltd,Family Office,UK,NR,NR
L5 Investment Holdings GP Limited acting in its capacity as General Partner of L5 Investment Holdings LP,Public Pension Plan,UK,NR,NR
"Landmark Equity Partners XVI, L.P.",Fund-of-Funds,United States,NR,NR
Larchpoint LP,Family Office,UK,NR,NR
"LCP IX Primary Holdings, L.P.",Fund-of-Funds,United States,NR,NR
Lifeyrissjodur verzlunarmanna (Pension Fund of Commerce),Public Pension Plan,Iceland,NR,NR
"Lincoln Brook Opportunities Fund, L.P.",Public Pension Plan,United States,NR,NR
"Lord Baltimore Equity Partners VIII, LLC",Family Office,United States,NR,NR
Lucent Technologies Inc. Master Pension Trust,Corporate Pension Plan,United States,NR,NR
M&G PFI Partnership 2018 LP,Fund-of-Funds,UK,NR,NR
MEP Opportunities Fund Holdings LP,Fund-of-Funds,United States,NR,NR
"Metlife International PE Fund VI, LP",Insurance Company,United States,NR,NR
NB Wildcats Fund LP,Fund-of-Funds,United States,NR,NR
New York Life Insurance Company,Insurance Company,United States,AA+,Aa1
New York Life Insurance Company Private Equity Separate Account No. 39-001,Insurance Company,United States,NR,NR
Nordea Alternative Strategies Fund S.A. SICAV-RAIF - Nordea Private Equity Separate Mandate II,Insurance Company,Luxembourg,NR,NR
Nordea Livförsäkring Sverige AB (publ),Corporate Pension Plan,Denmark,NR,NR
P3 New IC Limited,Fund-of-Funds,UK,NR,NR
Palm Private Equity Company Ltd,Family Office,,NR,NR
"Pantheon Access Primary Program, L.P. - Series 99",Fund-of-Funds,United States,NR,NR
Partners Group Access PF 642 L.P.,Fund-of-Funds,UK,NR,NR
Partners Group Access PF 643 L.P.,Fund-of-Funds,UK,NR,NR
"Partners Group Constellation Access II, L.P.",Fund-of-Funds,UK,NR,NR
"Partners Group Constellation Access IIA, L.P.",Fund-of-Funds,United States,NR,NR
"Partners Group Highland Relative Value, L.P. Inc.",Fund-of-Funds,UK,NR,NR
"Partners Group Private Equity (Master Fund), LLC (LP1)",Fund-of-Funds,United States,NR,NR
PE16GV British Coal Ltd,Public Pension Plan,UK,NR,NR
PE16PX British Coal Ltd,Public Pension Plan,UK,NR,NR
Pearl Brook Holdings Limited,Family Office,UK,NR,NR
"PEF 2018-2019 Pass, C.V.",Public Pension Plan,Netherlands,NR,NR
Presbyterian Church (U.S.A.) Foundation,Financial Institution,United States,NR,NR
"Private Markets Fund SCSp-SIF, Compartment A",Corporate Pension Plan,Luxembourg,NR,NR
Pruco Life Insurance Company,Insurance Company,United States,AA-,Aa3
Prudential Arizona Reinsurance Universal Company,Insurance Company,United States,NR,NR
Raiden Global ICAV on behalf and for the account of the sub-fund 2019 Fund,Insurance Company,Ireland,NR,NR
Reformation Private Fund LP,Fund-of-Funds,Cayman Islands,NR,NR
Santa Ynez Band of Mission Indians,Fund-of-Funds,United States,NR,NR
SBC Master Pension Trust,Corporate Pension Plan,United States,NR,NR
School Employees Retirement Board of Ohio on behalf of the School Employees Retirement System of Ohio,Public Pension Plan,United States,AAA,Aaa
"SJFED Private Equity Strategic Partnership, L.P.",Fund-of-Funds,United States,NR,NR
"SJPF Private Equity Strategic Partnership, L.P.",Fund-of-Funds,United States,NR,NR
Solidarity Investments Limited,Family Office,India,NR,NR
SOPAI SIF SICAV (Subfund SOPAI PE),Public Pension Plan,Luxembourg,NR,NR
South Dakota Investment Council on behalf of the State of South Dakota - Dakota Cement Trust Fund,Public Pension Plan,United States,AAA,Aaa
South Dakota Investment Council on behalf of the State of South Dakota - Education Enhancement Trust Fund,Public Pension Plan,United States,AAA,Aaa
South Dakota Investment Council on behalf of the State of South Dakota - Health Care Trust Fund,Public Pension Plan,United States,AAA,Aaa
South Dakota Investment Council on behalf of the State of South Dakota - School & Public Lands Trust Fund,Public Pension Plan,United States,AAA,Aaa
Stapi Lifeyrissjodur,Public Pension Plan,Iceland,NR,NR
Stichting Blue Sky Private Equity Global Large Cap I Fund,Corporate Pension Plan,Netherlands,NR,NR
Stichting Pensioenfonds van de Metalektro (PME),Corporate Pension Plan,Netherlands,NR,NR
Strategic Partners IX Investments L.P.,Fund-of-Funds,United States,NR,NR
"Strategic Partners VII Investments, L.P. (Series E)",Financial Institution,United States,NR,NR
"Sullivan Way Private Opportunities Fund, L.P.",Fund-of-Funds,United States,NR,NR
"The Dai-ichi Life Insurance Company, Limited",Insurance Company,Japan,A+,A1
Tilad Funds Investment Limited,Fund-of-Funds,Cayman Islands,NR,NR
"UMBALTI FBO Brown Advisory Private Equity Partners VII (AI), LLLP",Other,United States,NR,NR
"UMBALTI FBO Brown Advisory Private Equity Partners VII (QP), LLLP",Other,United States,NR,NR
Universal - Investment- Luxembourg S.A acting as management company and AIFM on behalf of and for the account of BAYVK P4- Fonds FCP-FIS,Public Pension Plan,Luxembourg,NR,NR
University of Miami,Endowment,United States,NR,NR
von Rautenkranz Nachfolger PE GbR,Family Office,Germany,NR,NR
WIN Alt IC Limited,Fund-of-Funds,UK,NR,NR
Yellowknife Holdings I LP,Investment Company,United States,NR,NR
AIS Acquisition Fund - PE IV LLC,Fund-of-Funds,United States,NR,NR
"ASF Harbor, L.P.",Fund-of-Funds,United States,NR,NR
ASF Persephone L.P,Fund-of-Funds,UK,NR,NR
Cinven Capital Management (SF2 Scotland) Limited Partnership,Fund-of-Funds,UK,NR,NR
"CIP IX Acquisitions SPV-O, L.P",Fund-of-Funds,Guernsey,NR,NR
Coller Partners 901 LP Incorporated,Corporate,Guernsey,NR,NR
"HarbourVest Co-Investment VII Associates L.P., on behalf of HarbourVest Co-Investment VII Buyout Aggregator L.P.",Fund-of-Funds,United States,NR,NR
IMCPE Arbutus INV Limited Partnership,Fund-of-Funds,Canada,NR,NR
NORTHLEAF CAPITAL PARTNERS GP II LTD. acting as general partner for and on behalf of NORTHLEAF NGPE SAPPHIRE HOLDINGS LP,Fund-of-Funds,Canada,NR,NR
NORTHLEAF CAPITAL PARTNERS GP II LTD. acting as general partner for and on behalf of NORTHLEAF SAPPHIRE HOLDINGS LP,Fund-of-Funds,Canada,NR,NR
Pluton Capital Partners 2025 EUR Cayman Holdings Ltd,Investment Company,Cayman Islands,NR,NR
SP Greene Street Acquisitions L.P.,Investment Company,United States,NR,NR
Stichting Depositary PGGM Private Equity Funds,Fund-of-Funds,Netherlands,NR,NR
Venice MLP Limited,Other,UK,NR,NR
"Ares Landmark Private Markets Fund-D, LLC",Fund-of-Funds,United States,NR,NR
Aspen Assets Pte Ltd,Family Office,Singapore,NR,NR
Aware Super Pty Ltd as trustee for Aware Super,Corporate Pension Plan,Australia,NR,NR
CDP Investissements Inc.,Public Pension Plan,Canada,NR,NR
"CIS-PEF Seed Vehicle GP Limited (in its capacity as the general partner of CIS-PEF Investments 1, L.P.)",Fund-of-Funds,Guernsey,NR,NR
Clearstream Banking S.A. Alternative  Fund Services (AFS) as subcustodian of Citibank N.A. as custodian for AFP Cuprum S.A. acting for Fondo de Pensiones Tipo A,Other Pension Plan,Chile,NR,NR
Clearstream Banking S.A. Alternative  Fund Services (AFS) as subcustodian of Citibank N.A. as custodian for AFP Cuprum S.A. acting for Fondo de Pensiones Tipo B,Other Pension Plan,Chile,NR,NR
Clearstream Banking S.A. Alternative Fund Services (AFS) as subcustodian of Citibank N.A. as custodian for AFP Cuprum S.A. acting for Fondo de Pensiones Tipo C,Other Pension Plan,Chile,NR,NR
"C-SPEF Investments 4, LLC",Fund-of-Funds,United States,NR,NR
Evli Private Equity IV Ky,Fund-of-Funds,Finland,NR,NR
"Mizuho Bank, Ltd. (London Branch)",Financial Institution,UK,NR,NR
Petalite Investment Pte Ltd,Corporate,Singapore,NR,NR
Hatria Group PE SCR SAU,Investment Company,Spain,NR,NR
Private Equity Opportunities Fund VII SCS,Fund-of-Funds,Luxembourg,NR,NR
SOCIETE DE NEGOCE ET DE PARTICIPATION,Other,France,NR,NR
"Tresmares Growth Fund Santander, S.C.R.,S.A.",Investment Company,Spain,NR,NR
Galvaude Private Investments Inc.,Public Pension Plan,Canada,NR,NR
Lion River I N.V.,Fund-of-Funds,Netherlands,NR,NR
Osirieon Corporation,Corporate,UK,NR,NR
WMP Private Equity Pool NL I Coöperatief U.A.,Fund-of-Funds,Netherlands,NR,NR
Cevine Capital Management (SP SFF Guernsey),Investment Company,Guernsey,NR,NR
E-L Financial Corporation Limited,Corporate,Canada,A,NR
IMCPE 2020 Inc.,Fund-of-Funds,Canada,NR,NR
Indalo Zweite Vermogensverwaltung KG,Fund-of-Funds,Germany,NR,NR
MLC Investments Limited as trustee of the MLC Vintage Year Trust (2012),Fund-of-Funds,Australia,NR,NR
The Board of Pensions of the Presbyterian Church (U.S.A.),Other Pension Plan,United States,NR,NR
Aberdeen Private Equity Global Fund of Funds plc,Fund-of-Funds,Ireland,NR,NR
Altamar Global Private Equity Program VIII FCR,Fund-of-Funds,Spain,NR,NR
Altamar VIII BP Global PE Program FCR,Fund-of-Funds,Spain,NR,NR
Ardian Primary VII L.P.,Fund-of-Funds,UK,NR,NR
AsterSeven Assets I Pte. Ltd.,Fund-of-Funds,Singapore,NR,NR
"BVK Private Equity 2014, L.P.",Public Pension Plan,,NR,NR
"Children’s Healthcare of Atlanta, Inc.",Endowment,United States,AA+,NR
City of Zurich Pension Plan,Public Pension Plan,Switzerland,NR,NR
Clal Insurance Company Ltd. - Nostro,Insurance Company,Israel,AA+,NR
Clal Insurance Company Ltd. - Profit Participating Policies,Insurance Company,Israel,AA+,NR
Clal Pension and Provident Funds,Corporate Pension Plan,Israel,NR,NR
Consolidated Retirement Fund,Other Pension Plan,United States,NR,NR
Crown Global Secondaries V Master SCSp,Fund-of-Funds,Luxembourg,NR,NR
Crown Premium Private Equity IX Master S.C.S. SICAV-RAIF,Fund-of-Funds,Luxembourg,NR,NR
DALPP Foreign Income Blocker LLC,Corporate Pension Plan,United States,NR,NR
HQT Cinven VI Feeder GMBH & CO. KG,Family Office,Germany,NR,NR
Industrial Private Markets SCS SICAV-FIS - Industrial Private Markets I,Corporate Pension Plan,Luxembourg,NR,NR
Leona Holding GmbH,Family Office,Germany,NR,NR
MassMutual Pension Plan Trust,Corporate Pension Plan,United States,NR,NR
NAEV Alternative Investments SCS SICAV- FIS - NAEV Private Equity P,Fund-of-Funds,Luxembourg,NR,NR
NGF Holdings Limited,Financial Institution,UK,NR,NR
Nippon Wealth Life Insurance Company Limited,Insurance Company,Japan,NR,NR
Partners Group Access 830 L.P.,Fund-of-Funds,UK,NR,NR
Platinum Chariot ZA 2015 Limited Partnership,SWF,United Arab Emirates,NR,NR
"Siguler Guff Hawkeye Opportunities Fund, LP",Fund-of-Funds,United States,NR,NR
"Siguler Guff Investments, LP",Fund-of-Funds,United States,NR,NR
The Patterson Foundation,Other,United States,NR,NR
VB Private Equity SCS-RAIF,Insurance Company,Luxembourg,NR,NR
"Vesey Street Fund V (ERISA), L.P.",Fund-of-Funds,Cayman Islands,NR,NR
Vestcor Investment Management Corporation as trustee of NBIMC Private Equity Fund,Public Pension Plan,Canada,NR,NR
VF IX B Advisors LLC acting as general partner for and on behalf of PEV Holdings 1025 LP,Fund-of-Funds,United States,NR,NR
VF IX ESC Advisors LLC acting as general partner for and on behalf of PEV Employee Aggregator LP,Fund-of-Funds,United States,NR,NR
VKD Invest SICAV-SIF S.C.A. - Private Equity Global A,Public Pension Plan,Luxembourg,NR,NR
V-Sciences Fund Investment PTE LTD,Endowment,Singapore,NR,NR
Compass Global Investments III Fondo de Inversion,Fund-of-Funds,Spain,NR,NR
Compass Private Equity XV Fondo de Inversion,Fund-of-Funds,Spain,NR,NR
Lífeyrissjóður Starfsmanna Sveitarfélaga,Public Pension Plan,Iceland,NR,NR
Raiden Global ICAV for the account of the Legacy Fund,Insurance Company,Ireland,NR,NR
AXA Life Ltd (acting on behalf of its account Individual Life),Fund-of-Funds,Switzerland,NR,NR
"AXA Vorsorge Private Markets S.C.S., SICAV-RAIF - GL Portfolio",Fund-of-Funds,Luxembourg,NR,NR
Barclays Pension Funds Trustees Limited (as trustee of Barclays Bank UK Retirement Fund),Corporate Pension Plan,UK,NR,NR
"BlackRock Private Equity Partners VI Master, L.P.",Fund-of-Funds,United States,NR,NR
"BlackRock Private Equity Partners VI US, L.P.",Fund-of-Funds,United States,NR,NR
"CC PMF Holdings, LLC",Public Pension Plan,United States,NR,NR
Davycrest Nominees Unlimited Company,Fund-of-Funds,Ireland,NR,NR
DEVK Private Equity GmbH,Fund-of-Funds,Germany,NR,NR
FundPartner Solutions (Europe) S.A. for the account of RP Institutional Fund - Private Equity 2,Fund-of-Funds,Luxembourg,NR,NR
HLSF VI Holdings 2 LP,Fund-of-Funds,United States,NR,NR
HV Clementine LLC,Fund-of-Funds,United States,NR,NR
JaToPa GmbH,Family Office,Germany,NR,NR
"Keats 507, LLC Acting in its Capacity As General Partner of Keats 507, Limited Partnership",Fund-of-Funds,United States,NR,NR
L3 Investment Holdings GP Limited acting in its capacity as general partner of L3 Investment Holdings LP,Public Pension Plan,UK,NR,NR
Landmark Acquisition Fund 49 Searchlight LP (LP 2),Fund-of-Funds,,NR,NR
LPPI PE US Investments (No.1) LP,Public Pension Plan,UK,NR,NR
"M&G Alternatives, SCSp-RAIF - Legacy PE Programmes",Fund-of-Funds,Luxembourg,NR,NR
Partners Group Access 829 L.P.,Fund-of-Funds,UK,NR,NR
"Partners Group Private Equity (Master Fund), LLC (LP2)",Fund-of-Funds,United States,NR,NR
Pomona Investment Fund (LP 2),Fund-of-Funds,United States,NR,NR
Portman Square Private Funds SICAV-SIF – Portman Square Private Equity I,Family Office,Luxembourg,NR,NR
Private Equity Opportunities Fund II SCS - SIF Compartment C,Fund-of-Funds,Luxembourg,NR,NR
Stichting Pensioenfonds IBM Nederland,Corporate Pension Plan,Netherlands,NR,NR
"Velliv, Pension & Livsforsikring A/S",Corporate Pension Plan,Denmark,NR,NR
"Abbott Capital Ex-North America Private Equity Strategy 2015, L.P., by Abbott Capital Management, LLC, its attorney-in-fact",Fund-of-Funds,United States,NR,NR
"Abbott Capital Ex-North America Private Equity Strategy 2016, L.P., by Abbott Capital Management, LLC its attorney-in-fact",Fund-of-Funds,United States,NR,NR
"Abbott Capital Private Equity Fund VII, L.P., by Abbott Capital Management, LLC as Investment Manager",Fund-of-Funds,United States,NR,NR
"Abbott Capital Private Equity Investors 2014, L.P., by Abbott Capital Management, LLC as Investment Manager",Fund-of-Funds,United States,NR,NR
"Cypress Group Holdings II, LLC",Family Office,United States,NR,NR
HarbourVest 2015 Global Fund L.P.,Fund-of-Funds,United States,NR,NR
IBM Personal Pension Plan Trust,Corporate Pension Plan,United States,NR,NR
JIMAD Limited Partnership,Family Office,,NR,NR
Landmark Acquisition Fund 49 Searchlight LP (LP 3),Fund-of-Funds,United States,NR,NR
"Lord Baltimore Equity Partners VII, LLC",Family Office,United States,NR,NR
"NCL PE-D, LLC",Fund-of-Funds,United States,NR,NR
Newbury Equity Partners V L.P.,Fund-of-Funds,United States,NR,NR
Ohio Police and Fire Pension Fund,Public Pension Plan,United States,NR,NR
Pantheon Multi-Strategy Primary Program 2014 LP - Series 54,Fund-of-Funds,United States,NR,NR
"Partners Group Private Equity (Master Fund), LLC (LP3)",Fund-of-Funds,United States,NR,NR
"PEP ASGA Master, L.P.",Fund-of-Funds,Guernsey,NR,NR
SEI Investments - Depositary and Custodial Services (Ireland) Limited for Swiss Capital Private Markets II Funds of the Benefit of the Agon Fund,Fund-of-Funds,Ireland,NR,NR
"Sieben Cinven VI, LLC",Family Office,Guernsey,NR,NR
SP Golden Hour Acquisitions L.P.,Investment Company,United States,NR,NR
"Stepstone BV Opportunities Fund, L.P.",Fund-of-Funds,Cayman Islands,NR,NR
Stepstone BVK Opportunities Fund SCSP,Fund-of-Funds,Luxembourg,NR,NR
Stepstone Secondary Opportunities Fund IV Europe Holdings SCSP,Fund-of-Funds,Luxembourg,NR,NR
"Stepstone Secondary Opportunities Fund IV Offshore Holdings, L.P.",Fund-of-Funds,United States,NR,NR
"Stepstone Secondary Opportunities Fund IV, L.P.",Fund-of-Funds,United States,NR,NR
"Stepstone TS Opportunities Fund, L.P.",Fund-of-Funds,United States,NR,NR
"Stepstone UWF Secondary Opportunities Fund, L.P.",Fund-of-Funds,United States,NR,NR
"Strategic Partners VI Investments, L.P. (Series A)",Fund-of-Funds,United States,NR,NR
The Lincoln National Life Insurance Company,Insurance Company,UK,A+,A2
"The PA2014 Private Equity Fund I, L.P.",Fund-of-Funds,United States,NR,NR
UMBALTI FBO SPRIM Cayman LLC,Fund-of-Funds,Cayman Islands,NR,NR
University of San Diego,Endowment,United States,NR,NR
"Vesey Street Fund V, L.P.",Fund-of-Funds,United States,NR,NR
"425 Private Fund I, LLC - 2016 Non-U.S. Series",Fund-of-Funds,United States,NR,NR
"Adler Cinven VI, LLC",Family Office,,NR,NR
AlpInvest Partners Secondary Investments 2020/2021 I C.V.,Fund-of-Funds,Netherlands,NR,NR
"ASF Cosmos, L.P.",Fund-of-Funds,United States,NR,NR
"ASP Chess I, LLC",Fund-of-Funds,United States,NR,NR
"ASP Chess II, LLC",Fund-of-Funds,United States,NR,NR
ATRF (NEB) Ltd.,Public Pension Plan,Canada,NR,NR
"CIS-PEF Seed Vehicle GP Limited, acting for and on behalf of CIS-PEF Investments 1, L.P.",Fund-of-Funds,Guernsey,NR,NR
"C-SPEF Seed Vehicle GP Limited, acting for and on behalf of CSI PE Aggregator No. 1, L.P.",Fund-of-Funds,Guernsey,NR,NR
Europe Portfolio VII Company Limited,Insurance Company,Cayman Islands,NR,NR
"Landmark Equity Partners XV-D, LLC",Fund-of-Funds,United States,NR,NR
Lexington Primary Capital I L.P.,Fund-of-Funds,United States,NR,NR
"MetLife International PE Fund IV, LP",Insurance Company,United States,NR,NR
MGB ERISA Master Trust,Endowment,United States,NR,NR
"MGB Pooled Investments, LLC",Endowment,United States,NR,NR
Modern White Sands LLC,SWF,United States,NR,NR
"Mousserena, L.P.",Investment Company,Cayman Islands,NR,NR
Moussescale,Investment Company,Cayman Islands,NR,NR
NB ASGA Fund Holdings LP,Fund-of-Funds,United States,NR,NR
NB Crossroads XXI - LC Holdings LP,Fund-of-Funds,United States,NR,NR
NB Sonoran Fund Limited Partnership,Fund-of-Funds,United States,NR,NR
Northleaf 1855 Private Equity Holdings L.P.,Fund-of-Funds,Canada,NR,NR
Northleaf CFOF Evergreen Private Equity Holdings LP,Fund-of-Funds,Canada,NR,NR
Northleaf Private Equity Holdings (Canada) VIII Partnership,Fund-of-Funds,Canada,NR,NR
NSP III Collector Partnership,Fund-of-Funds,Canada,NR,NR
Pomona Investment Fund (LP 4),Fund-of-Funds,United States,NR,NR
Private Market Holdings - C LLC,Fund-of-Funds,United States,NR,NR
Private Market Holdings LP,Fund-of-Funds,United States,NR,NR
Septa Pension Plan Master Trust,Public Pension Plan,United States,NR,NR
Stewart Holdings I LP,Fund-of-Funds,United States,NR,NR
"Stichting Blue Sky Private Equity Global Large Cap I Fund, in its capacity as title holder of the assets of Blue Sky Private Equity Global Large Cap I",Corporate Pension Plan,Netherlands,NR,NR
Texas Permanent School Fund NB PE Program LP,Investment Company,United States,AAA,Aaa
"Vesey Street Fund (Cayman) V, L.P.",Fund-of-Funds,Cayman Islands,NR,NR
Patria Acropolis (Guernsey) Limited,Fund-of-Funds,Guernsey,NR,NR
"SilverStone Roseg (GP), LLC on behalf of SilverStone Roseg Aggregator, L.P.",Fund-of-Funds,,NR,NR
SP Harmony Acquisitions L.P.,Financial Institution,,NR,NR
"StepStone Boulder (GP), LLC on behalf of StepStone Boulder Opportunities SMA Offshore Holdings, L.P.",Fund-of-Funds,United States,NR,NR
StepStone Private Markets,Fund-of-Funds,,NR,NR
FPP Alternative Investments Class D Foreign Income Blocker LLC,Fund-of-Funds,Estonia,NR,NR
HSBC Private Bank (Suisse) SA / AN323,Financial Institution,Switzerland,NR,NR
PEV Holdings 1067 AB LLC,Fund-of-Funds,United States,NR,NR
Private Equity (Lux) Evergreen Secondary Fund,Fund-of-Funds,Luxembourg,NR,NR
"VF IX ESC Advisors LLC for and on behalf of PEV SB Employee Aggregator IV LP, as general partner",Fund-of-Funds,United States,NR,NR
"Non-Discretionary Portfolio, L.P.",Fund-of-Funds,United States,NR,NR
"Copenhagen Infrastructure V GP S.à r.l.,",GP,Luxembourg,NR,NR
CI V SP Invest K/S,Fund-of-Funds,Denmark,NR,NR
Jabami ApS,Fund-of-Funds,Denmark,NR,NR
LLG A/S,Fund-of-Funds,Denmark,NR,NR
Vestas Wind Systems A/S,Corporate,Denmark,NR,NR
PensionDanmark Pensionsforsikringsaktieselskab,Corporate Pension Plan,Denmark,NR,NR
Allianz Capital Partners,Insurance Company,Germany,NR,NR
LEO Holding A/S,Fund-of-Funds,Denmark,NR,NR
SingLife (previously Aviva Ltd),Insurance Company,Singapore,NR,NR
UNIQA,Insurance Company,Austria,A-,NR
University Pension Plan (UPP),Other Pension Plan,Canada,NR,NR
CI V Sponsor Investor K/S,Fund-of-Funds,Denmark,NR,NR
CI V Sponsor Investor US K/S,Fund-of-Funds,Denmark,NR,NR
CI V Sponsor Investor PD K/S,Fund-of-Funds,Denmark,NR,NR
Chr. Augustinus Fabrikker Aktieselskab,Investment Company,Denmark,NR,NR
Internationale Kapitalanlagegesellschaft mbh acting for the account of Entsorgungsfonds (KENFO),Foundation,Germany,NR,NR
Deka International S.A. acting on behalf of Deka Infrastruktur Selektion FCP-FIS - Teilfonds 1,Fund-of-Funds,Luxembourg,NR,NR
VBV-Lux Global SCA SICAV-SIF - Private Infrastructure,Fund-of-Funds,Luxembourg,NR,NR
"Sumitomo Mitsui Trust Bank, Limited",Financial Institution,Japan,A,A1
Lægernes Pension – pensionskassen for læger,Other Pension Plan,Denmark,NR,NR
Lærernes Pension Forsikringsaktieselskab,Public Pension Plan,Denmark,NR,NR
Fjärde AP-fonden,Public Pension Plan,Sweden,NR,NR
Combined Nuclear Pension Plan,Other Pension Plan,UK,NR,NR
AP Pension livsforsikringsaktieselskab,Other Pension Plan,Denmark,NR,NR
Andra AP-Fonden (Second Swedish National Pension Fund – AP2),Public Pension Plan,Sweden,NR,NR
Nuclear Liabilities Fund Limited,Other Pension Plan,UK,NR,NR
Stichting Algemeen Pensioenfonds KLM,Other Pension Plan,Netherlands,NR,NR
London Borough of Enfield Pension Fund,Public Pension Plan,UK,NR,Aaa
Folksam,Insurance Company,Sweden,NR,NR
Kookmin Bank Co. LTD,Financial Institution,South Korea,A+,Aa3
Allstate Insurance Company,Insurance Company,United States,A+,Aa3
MUFG Bank,Financial Institution,Japan,A,A1
Church Pension Group,Other Pension Plan,United States,NR,NR
Vermont Pension Investment Commission,Public Pension Plan,United States,AA+,Aa1
Tokio Marine & Nichido Fire Insurance Co. Ltd,Insurance Company,Japan,A+,Aa3
LB Forsikring A/S,Insurance Company,Denmark,NR,NR
Montana Board of Investments,Public Pension Plan,United States,NR,Aa1
Tellco Bank AG,Financial Institution,Switzerland,NR,NR
California Public Employees’ Retirement System,Public Pension Plan,United States,AA-,Aa2
NIO Infrastructure Feeder Fund V SCSp,Fund-of-Funds,,NR,NR
Wide Invest ApS,Fund-of-Funds,,NR,NR
Spinnewco ApS,Fund-of-Funds,,NR,NR
HFINFRA 2023 GmbH,Fund-of-Funds,,NR,NR
ApS MAK,Fund-of-Funds,,NR,NR
ApS JERA,Fund-of-Funds,,NR,NR
ApS Gin,Fund-of-Funds,,NR,NR
Mutuelle D'ivry (La Fraternelle) (MIF),Insurance Company,,NR,NR
NIO,Fund-of-Funds,,NR,NR
Stubkjær Family Renewables ApS,Family Office,,NR,NR
WL Alternative Investment Fund I,Fund-of-Funds,,NR,NR
WK Alternative Investment Fund I,Fund-of-Funds,,NR,NR
WV Alternative Investment Fund I,Fund-of-Funds,,NR,NR
"LURA-Fonds S.A., SICAV-FIS - LURA-Alternatives 2",Fund-of-Funds,,NR,NR
"VAH Alternative Investments S.A., SICAV-RAIF, sub-fund I",Fund-of-Funds,,NR,NR
Unite Pension Scheme Trustee Limited acting as Trustee of Unite Pension Scheme,Other Pension Plan,,NR,NR
TUC Private Markets GmbH,Fund-of-Funds,,NR,NR
Pension Alternative Markets SCS SICAV-FIS – Pension Alternative Markets VIII,Other Pension Plan,,NR,NR
OIC Private Markets GmbH,Fund-of-Funds,,NR,NR
NBC Private Markets GmbH,Fund-of-Funds,,NR,NR
KVAI SCSp,Fund-of-Funds,,NR,NR
Jahr Assetmanagement GmbH,Investment Company,,NR,NR
Helaba Invest Kapitalanlagegesellschaft mbH acting for the account of the fund HI-BF-Fonds (segment HI-BF 5-SFonds),Fund-of-Funds,,NR,NR
"StepStone B Infrastructure Opportunities Fund III, L.P.",Fund-of-Funds,,NR,NR
StepStone TMAM Infrastructure Opportunities Limited,Fund-of-Funds,,NR,NR
HAEK Inf SCSp SICAV-RAIF,Fund-of-Funds,,NR,NR
Global Infra Fonds SCSp SICAV-RAIF,Fund-of-Funds,,NR,NR
DIIV SCSp,Fund-of-Funds,,NR,NR
"Amazonas-AI Fund SCS, SICAV-FIAR - Infrastruktur I",Fund-of-Funds,,NR,NR
NIO 4,Fund-of-Funds,,NR,NR
CIP Holding 8 ApS,Fund-of-Funds,,NR,NR
NIO 5,Fund-of-Funds,,NR,NR
Mivtachim – The Workers Social Insurance Fund Ltd. (Under Special Management),Other Pension Plan,,NR,NR
Keren Hgimlaot Hmerkazit Histadrut Central Pension Fund Ltd. (Under Special Management),Other Pension Plan,,NR,NR
Keren Makefet Pension and Provident Center Cooperative Society Ltd. (Under Special Management),Other Pension Plan,,NR,NR
Karnit Road Accident Victims Compensation fund,Other Pension Plan,,NR,NR
Mivtachim - The Workers Social Insurance Fund Ltd. (Under Special Management) on behalf of Illness and Accident Provident Fund 526,Other Pension Plan,,NR,NR
Claremont Investment Fund,Fund-of-Funds,,NR,NR
"RANW Infra S.C.S., SICAV-RAIF - RANW Infrastruktur I",Fund-of-Funds,,NR,NR
SVG-LuxInvest SCS SICAV-RAIF-TF 1- SVG-LuxInvest I,Fund-of-Funds,,NR,NR
Kommunal Landspensjonskasse gjensidig forsikringsselskap  (Via Feeder Fund),Insurance Company,,NR,NR
National Treasury Management Agency (as controller and manager of the Ireland Strategic Investment Fund),SWF,,NR,NR
Universal-Investment-Luxembourg S.A. acting in its own name and for the account of INFRASTRUKTUR-UI-Fonds FCP-FIS,Fund-of-Funds,,NR,NR
CI V Sponsor Investor F&F K/S,Fund-of-Funds,,NR,NR
"COMPTROLLER OF THE STATE OF NEW YORK, AS TRUSTEE OF THE COMMON RETIREMENT FUND",Public Pension Plan,,AA+,Aa1
CAA Infrastructure 2023,Fund-of-Funds,,NR,NR
Wittington Asset Management Limited (via USD Feeder Fund K/S),Investment Company,,NR,NR
Wüstenrot Versicherungs-AG,Insurance Company,,NR,NR
Abeille Vie [Portefeuille AFER 01MA0],Insurance Company,,NR,NR
Abeille IARD & Santé [Portefeuille IARD 21MZ0],Insurance Company,,NR,NR
"HI-Infrastruktur-Multi Manager-Fonds III S.C.S., SICAV-RAIF",Fund-of-Funds,,NR,NR
Danske Invest SICAV-SIF - Alternatives - Global Future,Fund-of-Funds,,NR,NR
Danske Invest AIF-SIKAV - Institutional Fund Administration 1,Fund-of-Funds,,NR,NR
CIP Global Energy Transition Aggregator - I,Fund-of-Funds,,NR,NR
Lind Private Equity ApS,Family Office,,NR,NR
Infrastructure Access Portfolio-L 5 SCSp SICAV-RAIF - Teilfonds Impact,Fund-of-Funds,,NR,NR
Utah State Retirement Investment Fund,Public Pension Plan,,NR,NR
University of St Andrews Superannuation and Life Assurance Scheme,Insurance Company,,NR,NR
BC Funds GmbH & Co. KG,Other,,NR,NR
Beisheim Holding GmbH,Family Office,,NR,NR
Border to Coast Cumbria LP,Other Pension Plan,,NR,NR
Border to Coast Durham LP,Other Pension Plan,,NR,NR
Border to Coast East Riding LP,Other Pension Plan,,NR,NR
Border to Coast North Yorkshire LP,Other Pension Plan,,NR,NR
Border to Coast South Yorkshire LP,Other Pension Plan,,NR,NR
Border to Coast Surrey LP,Other Pension Plan,,NR,NR
Border to Coast Tyne & Wear LP,Other Pension Plan,,NR,NR
Border to Coast Warwickshire LP,Other Pension Plan,,NR,NR
"The Dai-ichi Life Insurance Company, Limited",Insurance Company,,A+,A1
NBIM GP Investor AS,Other,,NR,NR
NBIM ReInfra Funds AS,Fund-of-Funds,,NR,NR
AkademikerPension - Akademikernes Pensionskasse,Other Pension Plan,,NR,NR
FERONIA SICAV-RAIF - NLV Infrastruktur Teilfonds,Fund-of-Funds,,NR,NR
FERONIA SICAV-RAIF - NKV Infrastruktur Teilfonds,Fund-of-Funds,,NR,NR
"PFA Pension, forsikringsaktieselskab",Other Pension Plan,,NR,NR
Sogecap,Insurance Company,,A-,NR
London LGPS CIV Ltd in its capacity as alternative investment fund manager of LCIV Renewable Fund being an exempt unauthorised unit trust scheme,Fund-of-Funds,,NR,NR
CIP Holding 8 ApS,Other,,NR,NR
Allianz Global Real Assets and Private Markets Fund S.A. SICAV-RAIF - Allianz Global Infrastructure,Fund-of-Funds,,NR,NR
Universal Investment GmbH acting in its own name and for the account of DPCTA Private Markets Fonds,Fund-of-Funds,,NR,NR
Imera Investments Pte. Ltd.,Investment Company,,NR,NR
Cardif Assurance Vie,Insurance Company,,A,NR
Cardif Retraite,Other,,NR,NR
NIO Global Diversified V K/S,Fund-of-Funds,,NR,NR
Flourish Investment Corporation,Corporate,,NR,NR
Aegon Levensverzekering N.V.,Other,,NR,NR
DNB Infrastructure I AS,Fund-of-Funds,,NR,NR
The Korea Development Bank,Financial Institution,,NR,NR
"BONUS Pensionskassen AG, VRG11",Other Pension Plan,,NR,NR
"BONUS Pensionskassen AG, VRG12",Other Pension Plan,,NR,NR
"BONUS Pensionskassen AG, VRG2/VG 201",Other Pension Plan,,NR,NR
"BONUS Pensionskassen AG, VRG2/VG 202",Other Pension Plan,,NR,NR
"BONUS Pensionskassen AG, VRG22",Other Pension Plan,,NR,NR
"BONUS Pensionskassen AG, VRG35",Other Pension Plan,,NR,NR
"BONUS Pensionskassen AG, VRG36",Other Pension Plan,,NR,NR
"BONUS Pensionskassen AG, VRG37",Other Pension Plan,,NR,NR
"BONUS Pensionskassen AG, VRG39",Other Pension Plan,,NR,NR
"BONUS Pensionskassen AG, VRG5",Other Pension Plan,,NR,NR
"BONUS Pensionskassen AG, VRG7",Other Pension Plan,,NR,NR
"BONUS Pensionskassen AG, VRG9",Other Pension Plan,,NR,NR
"BONUS VK AG, VG1",Other,,NR,NR
"BONUS VK AG, VG2",Other,,NR,NR
ERGO Private Capital Gesundheit GmbH,Investment Company,,NR,NR
"Shinhan CI V Investment Trust. No.1(EUR), acting by its trustee, NongHyup Bank",Fund-of-Funds,,NR,NR
"Shinhan CI V Investment Trust. No.2(KRW), acting by its trustee, NongHyup Bank",Fund-of-Funds,,NR,NR
LGPS Central Value Add/Opportunistic Infrastructure Partnership LP,Insurance Company,,NR,NR
CI V Sponsor Investor II K/S,Fund-of-Funds,,NR,NR
CIP Affiliated Managers ApS,Fund-of-Funds,,NR,NR
MMMB Holding ApS,Fund-of-Funds,,NR,NR
Copenhagen Infrastructure Partners Inc.,Fund-of-Funds,,NR,NR
Copenhagen Infrastructure V GP S.à r.l. (Class A),Fund-of-Funds,,NR,NR
FEULMA Holding ApS,Other,,NR,NR
CIP Affiliated Managers ApS,Other,,NR,NR
TWP Invest ApS,Other,,NR,NR
Chimera Investment Pte Ltd,SWF,Singapore,NR,NR
CVC 2020 Investments Limited,Fund-of-Funds,UK,NR,NR
CPP Investment Board Private Holdings (4) Inc.,Public Pension Plan,Canada,NR,NR
"State Street Trust and Banking Co., Ltd., acting solely in its capacity as trustee for trust account No. 2381093 and not in
its personal capacity",Financial Institution,Japan,NR,NR
CITCO BANK CANADA REF EUROPE AMERICAS IX OFFSHORE FEEDER FUND LP,Fund-of-Funds,Canada,NR,NR
The Wellcome Trust Limited as trustee of The Wellcome Trust,Foundation,UK,NR,NR
California State Teachers' Retirement System,Public Pension Plan,United States,AA-,Aa3
Amwal Investments L.L.C.,Investment Company,United Arab Emirates,NR,NR
Board of Regents of The University of Texas System,Public Pension Plan,United States,NR,NR
Pension Reserves Investment Trust Fund,Public Pension Plan,United States,NR,NR
Sapphire Private Funds Holdings II RSC Ltd.,SWF,United Arab Emirates,NR,NR
Common Pension Fund A,Public Pension Plan,United States,NR,NR
Stichting Depositary PGGM Private Equity Funds (acting in its capacity as title holder of and on behalf of and for the account and risk of PGGM Private Equity Fund),Fund-of-Funds,Netherlands,NR,NR
"Bellavista Feeder Fund II, SICAV-RAIF - Bellavista II CCP IX",Fund-of-Funds,Luxembourg,NR,NR
"Sociedad Administradora de Fondos de Pensiones y Cesantías Porvenir S.A. acting on behalf of Fondo de Pensiones
Obligatorias Porvenir Moderado",Public Pension Plan,Colombia,NR,NR
IMCPE Arbutus INV Limited Partnership.,Fund-of-Funds,Canada,NR,NR
PEP Global Fund 17 EUR,Fund-of-Funds,Luxembourg,NR,NR
Private Equity Managers (2023) Foreign Income Blocker LLC,Fund-of-Funds,United States,NR,NR
"CI Banco, S.A., I.B.M., as Trustee  of the Irrevocable Trust CIB/3079",Other,Mexico,NR,NR
State of Michigan Retirement System,Public Pension Plan,United States,NR,NR
Sanabil Private Equity Investments Company,SWF,Saudi Arabia,NR,NR
"PrivAccess XV, acting in respect of its compartment PrivAccess XV - Western Buyouts IX",Fund-of-Funds,Luxembourg,NR,NR
BOARD OF TRUSTEES FOR THE MARYLAND STATE RETIREMENT AND PENSION SYSTEM,Public Pension Plan,United States,AAA,Aa1
Indiana Public Retirement System,Public Pension Plan,United States,NR,NR
DHFI 1 FZ-LLC,Fund-of-Funds,United Arab Emirates,NR,NR
The State Oil Fund of the Republic of Azerbaijan,SWF,Azerbaijan,NR,NR
Public Employees Retirement Association of New Mexico,Public Pension Plan,United States,NR,NR
State of Wisconsin Investment Board,Public Pension Plan,United States,NR,NR
Minnesota State Board of Investment,Public Pension Plan,United States,AAA,Aaa
AP2 Capital Investments KB,Public Pension Plan,Sweden,NR,NR
Sjunde AP-fonden,Public Pension Plan,Sweden,NR,NR
The Hong Kong Jockey Club Charities Trust,Foundation,Hong Kong,NR,NR
Harel Pension and Provident Ltd.,Other Pension Plan,Israel,NR,NR
Kookmin Bank acting as trustee of Kiwoom KP-CV9 Private Investment Trust,Investment Company,South Korea,NR,NR
"AXA Fund Platform Private Equity S.C.A., SICAV-RAIF –Vintage 2023",Fund-of-Funds,Luxembourg,NR,NR
The South Dakota Retirement System acting by the South Dakota Investment Council,Public Pension Plan,United States,NR,NR
International Bank for Reconstruction and Development as Trustee for the Staff Retirement Plan and Trust,Corporate Pension Plan,United States,AAA,Aaa
JUNI PE Fund N (EUR) Holdings LP,Fund-of-Funds,Luxembourg,NR,NR
International Monetary Fund (in respect of International Monetary Fund Staff Retirement Plan),Corporate Pension Plan,United States,NR,NR
Altaroc Global 2023 FPCI,Fund-of-Funds,France,NR,NR
Suva,Insurance Company,Switzerland,NR,NR
Public Employees' Retirement Association of Colorado,Public Pension Plan,United States,NR,NR
"Samsung Life Insurance Co., Ltd.",Insurance Company,South Korea,NR,NR
BOC Group Life Assurance Company Limited,Insurance Company,Hong Kong,NR,NR
"M&G Alternatives, SCSp-RAIF - 2022 Global PE Fund",Fund-of-Funds,Luxembourg,NR,NR
Arizona State Retirement System,Public Pension Plan,United States,NR,NR
"Danica Pension, Livsforsikringsaktieselskab",Other Pension Plan,Denmark,A-,NR
Public Employee Retirement System of Idaho,Public Pension Plan,United States,NR,NR
CSC Private Investments L.P.,Investment Company,United States,NR,NR
Havelock Fund Investments Ptd Ltd,SWF,Singapore,NR,NR
Standard Chartered Bank Korea Limited as trustee of Hanwha Europe Buyout Private Fund 4,Fund-of-Funds,South Korea,NR,NR
Mivtachim The Workers Social Insurance Fund Ltd. (Under Special Management),Other Pension Plan,Israel,NR,NR
NEUB Holdings LP,Investment Company,United States,NR,NR
BANCA POPOLARE DI SONDRIO on behalf of CASSA NAZIONALE DI PREVIDENZA E ASSISTENZA FORENSE,Public Pension Plan,Italy,NR,NR
Port-Aux-Choix Private Investments II Inc.,Fund-of-Funds,Canada,NR,NR
Migdal Insurance Company Ltd,Insurance Company,Israel,NR,NR
"Toranomon Private Equity 2 GP LLC, in its capacity as General Partner and statutory trustee of the assets of Toranomon Private Equity 2, L.P.",Fund-of-Funds,Japan,NR,NR
"Degroof Petercam PE Fund, SICAV RAIF SA on behalf of its compartment Global Buy-Out Partners 9",Fund-of-Funds,Luxembourg,NR,NR
Fondo de Pensiones Obligatorias Proteccion Mayor Riesgo,Other Pension Plan,Colombia,NR,NR
Partners Group Access PF 473 L.P.,Investment Company,UK,NR,NR
The Hong Kong Jockey Club,Foundation,Hong Kong,NR,NR
PE21PX (US Direct) Ltd,Fund-of-Funds,Canada,NR,NR
Access Feeder A71 SCSp,Fund-of-Funds,Luxembourg,NR,NR
Cavello Bay Reinsurance Limited,Insurance Company,Bermuda,A,NR
Auto-Owners Insurance Company,Insurance Company,United States,NR,NR
Norastars Ltd.,Other,Cayman Islands,NR,NR
Atom Ltd.,Corporate,UK,NR,NR
Soleil B 2022 EUR Cayman Holdings Ltd,Fund-of-Funds,Cayman Islands,NR,NR
The Quintus Foundation,Foundation,Jersey,NR,NR
PA ADV IX Limited,Fund-of-Funds,Cayman Islands,NR,NR
Passaic LLC,Investment Company,United States,NR,NR
BAE Systems Pension Funds Trustees Limited,Other Pension Plan,UK,NR,NR
ASF Parsnip Primary L.P.,Fund-of-Funds,UK,NR,NR
Arch Investment ICAV,Fund-of-Funds,Ireland,NR,NR
Contrato de Fideicomiso Irrevocable CIB/3831,Other,Mexico,NR,NR
"Tundra Investment Co., Ltd",Fund-of-Funds,China,NR,NR
Northrop Grumman Pension Master Trust,Corporate Pension Plan,United States,NR,NR
De Hoge Dennen Capital BV acting for and on behalf of Petunia Invest 71 CV,Investment Company,Netherlands,NR,NR
MIP: Direct C1 C.V.,Investment Company,Netherlands,NR,NR
Merit France Investissements,Family Office,France,NR,NR
LMA Private Equity Master ILP,Fund-of-Funds,Ireland,NR,NR
Private Equity Managers (2023) Offshore Foreign Income Blocker LLC,Fund-of-Funds,United States,NR,NR
NB Clifton Private Equity III LP,Fund-of-Funds,United States,NR,NR
Employees' Retirement System of the State of Hawaii,Public Pension Plan,United States,AA+,Aa2
E&F Private Equity Managers (2023) Offshore Foreign Income Blocker LLC,Fund-of-Funds,United States,NR,NR
"HarbourVest 2022 Global Associates L.P., on behalf of HarbourVest 2022 Global Investment L.P.",Fund-of-Funds,UK,NR,NR
"Monte Rosa Funds II, SICAV-RAIF – Monte Rosa VI",Fund-of-Funds,Luxembourg,NR,NR
VOLCOMCAPITAL PRIVATE EQUITY X FONDO DE INVERSION,Other Pension Plan,Chile,NR,NR
Fondo de Pensiones Obligatorias Protección Moderado,Other Pension Plan,Colombia,NR,NR
Mount Terra Investments Limited,Investment Company,Malaysia,NR,NR
13703614 Canada Inc.,Corporate,Canada,NR,NR
Thalia Holdings Corporation,Investment Company,Cayman Islands,NR,NR
"Glendower Capital Insurance Investor Fund Series Interests of the SALI Multi-series Fund, L.P.",Fund-of-Funds,United States,NR,NR
Maine Public Employees Retirement System,Public Pension Plan,United States,NR,NR
Lifeyrissjodur starfsmanna rikisins division A,Public Pension Plan,Iceland,NR,NR
Clal Pension & Provident Funds Ltd. OBO the pension and provident funds under its management,Other Pension Plan,Israel,NR,NR
"Green Core GP LLC, in its capacity as general partner and statutory trustee of the assets of Green Core Fund, L.P.",Fund-of-Funds,Cayman Islands,NR,NR
Shamal Alternative Investments Ltd.,Investment Company,United Arab Emirates,NR,NR
THOMVEST SEED CAPITAL INC.,Fund-of-Funds,Canada,NR,NR
RMM Invest 19 S.L.P.,Fund-of-Funds,France,NR,NR
"Pathway Private Equity Fund XXV, LP",Fund-of-Funds,United States,NR,NR
"Samsung Fire & Marine Insurance Co., Ltd",Insurance Company,South Korea,AA-,NR
HQT CBF IX GmbH & Co. KG.,Fund-of-Funds,Germany,NR,NR
HIPEP IX Associates L.P. on behalf of HIPEP IX Investment Holding L.P.,Fund-of-Funds,United States,NR,NR
Clearstream Banking S.A. AFS AFP Provida Fondo De Pensiones Tipo C.,Other Pension Plan,Chile,NR,NR
Crown Investment Fund II Series LLC - Series 112,Fund-of-Funds,United States,NR,NR
"HarbourVest 2023 Global Associates L.P., on behalf of HarbourVest 2023 Global Investment L.P.",Fund-of-Funds,United States,NR,NR
Nanyang Technological University,Endowment,Singapore,NR,NR
Eastspring Singapore Alternatives VCC for the account of Eastspring Private Equity Fund 2,Fund-of-Funds,Singapore,NR,NR
Deus Invest Co Ltd,Investment Company,British Virgin Islands,NR,NR
Soleil 2022 EUR Cayman Holdings Ltd,Fund-of-Funds,Cayman Islands,NR,NR
Church Commissioners for England,Foundation,UK,NR,NR
IRR K LLC,Other,United States,NR,NR
Plainview PE CVC IX Limited,Fund-of-Funds,Cayman Islands,NR,NR
Lilac Aurora Limited,Investment Company,Hong Kong,NR,NR
"AXA Vorsorge Private Markets S.C.S., SICAV-RAIF - Private Equity Vintage 2022",Fund-of-Funds,Luxembourg,NR,NR
"Baloise Private Equity (Luxembourg), SCS",Fund-of-Funds,Luxembourg,NR,NR
Hyundai Commercial Inc.,Financial Institution,South Korea,BBB+,Baa1
"JPMorgan Chase Bank, N.A. not individually, but solely in its capacity as Directed Trustee of the SBC Master Pension Trust",Other Pension Plan,United States,NR,NR
"Private Equity IX – Buyouts, LP",Fund-of-Funds,United States,NR,NR
Bregal Private Equity Partners VII SLP,Fund-of-Funds,,NR,NR
PROGOLD INVESTMENTS INC,Investment Company,Panama,NR,NR
Sacramento County Employees' Retirement System,Public Pension Plan,United States,NR,NR
BHT Invest GmbH,Investment Company,Germany,NR,NR
"ProQuity S.A. SICAV-SIF, Sub-Fund 1",Fund-of-Funds,Luxembourg,NR,NR
"Stichting Bewaarder WMP Global Private Equity Pool I as title holder of the assets of WMP Global Private Equity Pool I
C.V.",Fund-of-Funds,Netherlands,NR,NR
Hannover Re Euro PE Holdings GmbH & Co. KG,Insurance Company,Germany,NR,NR
Global Private Equity Select S.C.S. SICAV-FIS – Sub-Fund 1,Fund-of-Funds,Luxembourg,NR,NR
Cassa Nazionale di Previdenza ed Assistenza a favore dei Dottori Commercialisti,Other Pension Plan,Italy,NR,NR
Sungrove Limited,Investment Company,,NR,NR
"Migdal Sal Pension - Private Equity Investments (for Pension Funds (each pursuant to its allocation percentage, from time to time, severally and not jointly))",Other Pension Plan,Israel,NR,NR
"Amazonas-Al Fund SCS, SICAV-FIAR – PE III",Fund-of-Funds,Luxembourg,NR,NR
CPS Holdings (US) L.P.,Investment Company,United States,NR,NR
Colfondos SA Pensiones Y Cesantias on Behalf of Fondo de Pensiones Obligatoias Colfondos Mayor Riesgo,Other Pension Plan,Colombia,NR,NR
International II SIF SICAF S.A.,Fund-of-Funds,Luxembourg,NR,NR
Bonyan Investments Limited,Investment Company,Cayman Islands,NR,NR
GemVentures Limited,Investment Company,Cayman Islands,NR,NR
NZAM Alternative PE Fund I Master SPC,Fund-of-Funds,Cayman Islands,NR,NR
"KF-CV Cap 6 Holdings, Ltd.",Fund-of-Funds,Cayman Islands,NR,NR
MSA CVC IX Investors LP,Fund-of-Funds,United States,NR,NR
PNB Capital Global 2 LLC (Registration No. MC-3726),Fund-of-Funds,Cayman Islands,NR,NR
Lind Invest ApS,Investment Company,Denmark,NR,NR
Danske Invest SICAV - SIF Alternatives – Offensive,Fund-of-Funds,Luxembourg,NR,NR
"VAH Alternative Investments S.A., SICAV-RAIF, sub-fund F",Fund-of-Funds,Luxembourg,NR,NR
BNP PARIBAS acting through its IPS Investments department,Financial Institution,France,NR,NR
"Brown Brothers Harriman & Co. as custodian for AFP Capital S.A., Fondo de Pensiones Tipo C 0101329",Other Pension Plan,Chile,NR,NR
"Textron, Inc. Master Trust",Corporate Pension Plan,United States,NR,NR
Young Men’s Christian Association Retirement Fund,Other Pension Plan,United States,NR,NR
Perpetual Corporate Trust Limited ACF Roc Alternative Investment Pty Limited ATF Roc European Access Trust,Fund-of-Funds,Australia,NR,NR
Public Employees' Retirement System of  Nevada,Public Pension Plan,United States,NR,NR
Regime de rentes du Mouvement Desjardins,Other Pension Plan,Canada,NR,NR
Div Capital Assets F4 Ltd,Investment Company,British Virgin Islands,NR,NR
Brown Brothers Harriman & Co. as custodian for AFP Capital S.A. Fondo de Pensiones Tipo B 0103333,Other Pension Plan,Chile,NR,NR
Morsal Limited,Investment Company,Guernsey,NR,NR
Alpharock Holding Limited,Investment Company,Jersey,NR,NR
Social Insurance Organisation,SWF,Bahrain,NR,NR
HFI Global AG,Investment Company,Switzerland,NR,NR
Garlen Investments Ltd.,Investment Company,Bermuda,NR,NR
Standard Chartered Bank Korea Limited as trustee of Hanwha Europe Buyout Private Fund 5,Fund-of-Funds,South Korea,NR,NR
GLH (2019) Investment Holdings Corporation,Investment Company,Canada,NR,NR
"BV PE Opportunities Cayman Master Fund, Ltd.",Fund-of-Funds,Cayman Islands,NR,NR
"KB Insurance Co., Ltd",Insurance Company,South Korea,NR,NR
International Monetary Fund (in respect of International Monetary Fund Retirement Staff Benefits Investment Account),Corporate Pension Plan,United States,NR,NR
GEM Growth Fund VCC (GEM Global Fund Investment Partners),Fund-of-Funds,Singapore,NR,NR
Brederode International s.à r.l. SICAR,Fund-of-Funds,Luxembourg,NR,NR
Stelvio Investments B.V.,Investment Company,Netherlands,NR,NR
FG Investment SRL,Investment Company,Italy,NR,NR
ERGO Private Capital Gesundheit GmbH,Fund-of-Funds,Germany,NR,NR
NIO Private Equity Fund I K/S,Fund-of-Funds,Denmark,NR,NR
"MetLife International PE Fund VIII, LP",Fund-of-Funds,United States,NR,NR
"Pathway Private Equity Fund V-G, LP",Fund-of-Funds,United States,NR,NR
Brown Brothers Harriman & Co. as Custodian for AFP Capital S.A. Fondo de Pensiones Tipo A 0103325,Other Pension Plan,Chile,NR,NR
Clearstream Banking S.A. AFS AFP Provida Fondo De Pensiones Tipo D.,Other Pension Plan,Chile,NR,NR
International Bank for Reconstruction and Development as Trustee for the Retired Staff Benefits Plan and Trust,Corporate Pension Plan,United States,AAA,Aaa
HL Large Buyout Club Fund VI,Fund-of-Funds,United States,NR,NR
Kerren Makefet Pension and Provident Center Cooperative Society Ltd. (Under Special Management),Other Pension Plan,Israel,NR,NR
Retirement Board of Bert Bell/Pete Rozelle NFL Player Retirement Plan,Corporate Pension Plan,United States,NR,NR
Goldstar Limited,Investment Company,Bermuda,NR,NR
Carnegie Corporation of New York,Corporate,United States,NR,NR
Morley Investments Limited,Investment Company,Cayman Islands,NR,NR
DSF Placements Privés s.e.n.c.,Other Pension Plan,Canada,NR,NR
Keren Hgimlaot Hmerkazit Histadrut Central Pension Fund Ltd. (Under Special Management,Other Pension Plan,Israel,NR,NR
PCFG PRIVATE EQUITY INVESTMENTS LIMITED,Fund-of-Funds,UK,NR,NR
RV AIP S.C.S. SICAV-SIF RV TF 7 Private Equity,Fund-of-Funds,Luxembourg,NR,NR
"SPT Invest Management, SARL",Investment Company,Luxembourg,NR,NR
The Great Eastern Life Assurance Company Limited,Insurance Company,Singapore,AA-,NR
"The State of Oregon, by and through The Oregon Investment Council on behalf of The Common School Fund",Public Pension Plan,United States,AA+,Aa1
Western Almond Company,Corporate,United States,NR,NR
"The Master Trust Bank of Japan, Ltd. acting as trustee for Trust Fund No. 400095183",Other,Japan,NR,NR
"AltIn2016 S.A., SICAV-FIS - PE 1",Fund-of-Funds,Luxembourg,NR,NR
Development Bank of Japan Inc.,Financial Institution,Japan,A,A1
CMC Master Fund L.P.,Fund-of-Funds,United States,NR,NR
One Fund Services Ltd ATF Redbridge Capital Trust,Fund-of-Funds,,NR,NR
HOBEM B.V.,Investment Company,Netherlands,NR,NR
2. suscap ag,Investment Company,Switzerland,NR,NR
ALMENNI LÍFEYRISSJÓÐURINN,Other Pension Plan,Iceland,NR,NR
Famille C Participations,Family Office,France,NR,NR
LES ASSOCIATIONS MUTUELLES LE CONSERVATEUR,Insurance Company,France,NR,NR
Powszechny Zakład Ubezpieczeń Spółka Akcyjna,Insurance Company,Poland,NR,NR
Brask Thomsen Stiftung,Foundation,Liechtenstein,NR,NR
Vanguard HarbourVest 2023 Private Equity Fund L.P.,Fund-of-Funds,United States,NR,NR
University of Delaware,Endowment,United States,NR,NR
Clal Insurance Company Ltd. for Profit Participating Policies,Insurance Company,Israel,NR,NR
1199SEIU Health Care Employees Pension Fund,Corporate Pension Plan,United States,NR,NR
ASTRO Cayman Holding Company II Ltd,Fund-of-Funds,Cayman Islands,NR,NR
SRZ HL PE 1 (MASTER) LP,Fund-of-Funds,United States,NR,NR
Clearstream Banking S.A. AFS AFP Provida Fondo De Pensiones Tipo B.,Other Pension Plan,Chile,NR,NR
LIQID SCS SICAV-RAIF - LIQID Private Equity IV,Fund-of-Funds,Luxembourg,NR,NR
Green Wave (CRUT) Private Assets Cayman Holdings Ltd,Fund-of-Funds,Cayman Islands,NR,NR
Public Employees Pension Board as Trustee of the Public Employees Pension Plan,Public Pension Plan,Canada,AAA,NR
International Painters and Allied Trades Industry Pension Plans,Corporate Pension Plan,United States,NR,NR
"Migdal Sal Educational and Provident Funds - Private Equity Investments (for Educational and Provident Funds (each pursuant to its allocation percentage, from time to time, severally and not jointly))",Other Pension Plan,Israel,NR,NR
"Alaska Permanent Fund Corporation (APFC), acting for and on behalf of the funds over which the APFC is designated by
Alaska Statutes Chapter 37, 13 to manage and invest",Public Pension Plan,United States,AA,Aa2
"HarbourVest GP LLC, on behalf of HarbourVest Blue Ridge Fund L.P.",Fund-of-Funds,UK,NR,NR
Vanguard HabourVest 2022 Private Equity Fund L.P.,Fund-of-Funds,United States,NR,NR
Libra Taurus PE Fund Master LP,Fund-of-Funds,United States,NR,NR
BL Private Assets SCA SICAV-RAIF - PE Selection V,Fund-of-Funds,Luxembourg,NR,NR
FINVIA S.C.S. SICAV-RAIF - FINVIA European Buyout I,Fund-of-Funds,Luxembourg,NR,NR
Portman Square Private Funds SCSp-RAIF - Portman Square Private Equity IV,Fund-of-Funds,Luxembourg,NR,NR
Thetys International SA,Investment Company,Switzerland,NR,NR
The States of Guernsey acting by and through the Policy and Resources  Committee,Public Pension Plan,Guernsey,NR,NR
The States of Guernsey in Respect of The States of Guernsey (Public Servants) (Pensions and Other Benefits) Pension Scheme,Public Pension Plan,Guernsey,NR,NR
CAM Private Equity Evergreen GmbH & Co. KG,Fund-of-Funds,Germany,NR,NR
"HarbourVest GP LLC, on behalf of HV New Street Associates L.P., on behalf of HarbourVest New Street Fund L.P.",Fund-of-Funds,United States,NR,NR
SREH HL PE 1 (MASTER) LP,Fund-of-Funds,United States,NR,NR
"Tokio Marine & Nichido Fire Insurance Co., Ltd",Insurance Company,Japan,A+,Aa3
"BBVA Mercados Privados 2022, FCR, acting by its management company BBVA Asset Management SA, SGIIC",Financial Institution,Spain,NR,NR
"PE1-VAL S.A., SICAV-RAIF",Fund-of-Funds,Luxembourg,NR,NR
Screen Actors Guild-Producers Pension Fund for Motion Picture Actors,Other Pension Plan,United States,NR,NR
Essex County Council,Public Pension Plan,UK,NR,NR
"ASF August, L.P.",Fund-of-Funds,United States,NR,NR
"Pathway Private Equity Fund XXIII, LP",Fund-of-Funds,United States,NR,NR
Frjalsi lifeyrissjodurinn,Public Pension Plan,Iceland,NR,NR
CPS Holdings L.P.,Investment Company,Cayman Islands,NR,NR
University of Nebraska Foundation,Foundation,United States,NR,NR
Lafayette College,Endowment,United States,A+,Aa3
"425 Private Fund II, LP",Fund-of-Funds,United States,NR,NR
"Le Mans Fonds SCS, SICAV-FIS  - (Subfund: Le Mans Fonds - AI Dachfonds I)",Fund-of-Funds,Luxembourg,NR,NR
ZDHL Alternatives S.C.A. SICAV-RAIF,Fund-of-Funds,Luxembourg,NR,NR
Try Inc.,Corporate,Japan,NR,NR
2019 Itsukushima Limited,Fund-of-Funds,Cayman Islands,NR,NR
2019 Robin Limited,Fund-of-Funds,Cayman Islands,NR,NR
SRE HL PE 1 (Master) LP,Fund-of-Funds,,NR,NR
"The Master Trust Bank of Japan, Ltd. acting as trustee for Trust Fund No. 400095092",Fund-of-Funds,Japan,NR,NR
"The Master Trust Bank of Japan, Ltd. acting as trustee for Trust Fund No. 400021756",Other,Japan,NR,NR
Lead The Value 2017 LP,Other,Cayman Islands,NR,NR
"The Hachijuni Bank, Ltd.",Financial Institution,Japan,A-,NR
Security Pacific Finance Ltd,Investment Company,Guernsey,NR,NR
"Sociedad Administradora de Fondos de Pensiones y Cesantías Porvenir S.A. acting on behalf of Fondo de Cesantías
Porvenir",Other Pension Plan,Colombia,NR,NR
"Rosewood Private Equities, LLC",Fund-of-Funds,United States,NR,NR
UMBALTI FBO Flowstone Opportunity Fund,Fund-of-Funds,United States,NR,NR
Duck Pond Foundation,Foundation,United States,NR,NR
The Personal General Insurance inc.,Insurance Company,Canada,NR,NR
Jatoba Investment Fund SPC,Fund-of-Funds,Cayman Islands,NR,NR
HAEK Master S.A. SICAV-RAIF acting on behalf of its sub-fund HAEK Master S.A. SICAV-RAIF – LCP PE,Fund-of-Funds,Luxembourg,NR,NR
Lenya SICAV-RAIF Nineteen01 Private Investments III Core,Fund-of-Funds,Luxembourg,NR,NR
Luxulyan GmbH,Investment Company,Germany,NR,NR
Pension Fund of Finnish Broadcasting Company,Corporate Pension Plan,Finland,NR,NR
R2G Foundation,Foundation,Liechtenstein,NR,NR
Curl Foundation,Foundation,Liechtenstein,NR,NR
"Amazonas-AI Fund SCS, SICAV-FIAR – PE VI",Fund-of-Funds,Luxembourg,NR,NR
Top Tier Access Buyout II BV,Fund-of-Funds,Belgium,NR,NR
LO Global PE,Fund-of-Funds,Luxembourg,NR,NR
Sander PE-Holding GmbH & Co. KG,Fund-of-Funds,Germany,NR,NR
HDI Reinsurance (Ireland) Societas Europaea,Insurance Company,Ireland,NR,NR
Atruvi Invest I SCS SICAV-RAIF,Fund-of-Funds,Luxembourg,NR,NR
SVG-LuxInvest SCS SICAV-RAIF - TF I - SVG-LuxInvest I,Fund-of-Funds,Luxembourg,NR,NR
SVL-LuxInvest SCS SICAV-RAIF - TF I - SVL-LuxInvest I,Fund-of-Funds,Luxembourg,NR,NR
Front Row Duo AB,Corporate,Sweden,NR,NR
"Alaska Retirement Management Board as Trustee for the State of Alaska Retirement and Benefits Plans (acting by Abbott Capital Management, LLC in its capacity as Investment Manager)",Public Pension Plan,United States,NR,NR
"The University of Maryland Foundation, Inc",Foundation,United States,NR,NR
Colfondos SA Pensiones Y Cesantias on Behalf of Fondo de Pensiones Obligatoias Colfondos Moderado,Other Pension Plan,Colombia,NR,NR
"ASF Camellia II, L.P.",Fund-of-Funds,United States,NR,NR
"Alaska Retirement Management Board as Trustee for the State of Alaska Retirement and Benefits Plans (acting by
Pathway Capital Management, LP in its capacity as Attorney-In-Fact)",Public Pension Plan,United States,NR,NR
Fuji Rockman Fund 2023,Fund-of-Funds,Cayman Islands,NR,NR
Clearstream Banking S.A. AFS AFP Provida Fondo De Pensiones Tipo A.,Other Pension Plan,Chile,NR,NR
"South Shore, II L.P.",Investment Company,Cayman Islands,NR,NR
"Eiger Peak Investors II, L.P.",Investment Company,United States,NR,NR
"LIWA Capital Holding A, L.P.",Investment Company,United Arab Emirates,NR,NR
Swift Capital Portfolio III GmbH & Co. KG,Fund-of-Funds,Germany,NR,NR
AMS CAPITAL,Investment Company,,NR,NR
"Blue Bridge Trust Corporation Inc., ITFC",Corporate,Canada,NR,NR
Trustees of Phillips Academy,Endowment,United States,NR,NR
Brown Brothers Harriman & Co. As Custodian For AFP Planvital SA Fondo De Pensiones Tipo B 0102764,Other Pension Plan,Chile,NR,NR
Spectra Holdings Trust Inc.,Foundation,United States,NR,NR
Baptist Foundation of Texas dba HighGround Advisors,Foundation,United States,NR,NR
"Alts Partner II, a.s.",Investment Company,Czech Republic,NR,NR
Front Row P5 (E) AB,Fund-of-Funds,Sweden,NR,NR
"Embarcadero Private Equity Premium SCR, S.A.",Fund-of-Funds,Spain,NR,NR
LB Capital,Investment Company,,NR,NR
HLI II Primary L.P.,Investment Company,United States,NR,NR
Helaba Invest KAG mbH on behalf and for the account of HI-P-EZVK-Fonds (segment HI-P-PE-LCP-SFonds),Fund-of-Funds,Germany,NR,NR
PE21GV (US Direct) Ltd,Fund-of-Funds,UK,NR,NR
Voya Retirement Insurance and Annuity Company,Insurance Company,United States,A+,A2
Invago Capital GmbH,Investment Company,Germany,NR,NR
ACP Private Equity 7,Investment Company,Spain,NR,NR
Bavaria Crest Bauträger GmbH,Other,Germany,NR,NR
Industrial Investments in Small and Medium Companies,Other,,NR,NR
RA Program 2023-1 Foreign Income Blocker Ltd,Fund-of-Funds,Cayman Islands,NR,NR
Connection Feeder XV LP,Fund-of-Funds,UK,NR,NR
National Retirement Fund,Other Pension Plan,United States,NR,NR
Adams Street SH Fund LP,Fund-of-Funds,United States,NR,NR
"Citrine Capital LLC, Series 2008-A",Investment Company,United States,NR,NR
"Brown Brothers Harriman & Co. as custodian for AFP Capital S.A., Fondo de Pensiones Tipo D 0103341",Other Pension Plan,Chile,NR,NR
KBB Beteiligungs-GmbH & Co. KG,Investment Company,Germany,NR,NR
DeA Communications SA,Corporate,Luxembourg,NR,NR
Allianz Private Equity Partners V acting through the management company Investitori SGR S.p.A.,Fund-of-Funds,Italy,NR,NR
"SAEV AI SCS, SICAV-RAIF – Private Equity",Fund-of-Funds,Luxembourg,NR,NR
ARCHINVEST OPERA 1,Investment Company,France,NR,NR
Marsh and McLennan Master Retirement Trust,Other Pension Plan,United States,NR,NR
Harel Insurance Company Ltd. (Participating Funds),Insurance Company,Israel,NR,NR
HarbourVest Orbit AIF SCSp acting by its Investment Manager,Fund-of-Funds,Luxembourg,NR,NR
GlobALInvest,Investment Company,Italy,NR,NR
DEGROOF PRIVATE - VINTAGE FUND 2023,Fund-of-Funds,Luxembourg,NR,NR
ALP L Global GP B.V. as title holder and in its capacity as general partner of ALP L Global Primary 2020 C.V.,Fund-of-Funds,Netherlands,NR,NR
HarbourVest Red Dragon L.P.,Fund-of-Funds,UK,NR,NR
"MetLife Investment Private Equity Partners, LP",Fund-of-Funds,United States,NR,NR
RDM of Wyoming II LLC,Other,United States,NR,NR
Evergreen III SICAV-FIS S.A. - Evergreen III,Fund-of-Funds,Luxembourg,NR,NR
International Bank for Reconstruction and Development on behalf of its Post-Employment Benefits Plan,Corporate Pension Plan,United States,AAA,Aaa
Swift Capital Selection XIII GmbH & Co. KG,Fund-of-Funds,Germany,NR,NR
Fondazione Cassa di Risparmio di Firenze,Foundation,Italy,NR,NR
GLOBAL BUYOUTS 2022 FCR,Fund-of-Funds,Spain,NR,NR
Brown Brothers Harriman & Co. As Custodian For AFP Planvital SA Fondo De Pensiones Tipo C 0101535,Other Pension Plan,Chile,NR,NR
AlpInvest GRIO GP B.V. as title holder and in its capacity as general partner of AGRI Primary C.V.,Fund-of-Funds,Netherlands,NR,NR
Pensionskasse Suva,Corporate Pension Plan,Switzerland,NR,NR
"The trustees of Fonds commun de placement des régimes de retraite de l’Université Laval, in their capacity as trustees",Endowment,Canada,NR,NR
Dolcay Investments Ltd,Investment Company,Cayman Islands,NR,NR
Outram Investments Ltd.,Investment Company,Cayman Islands,NR,NR
"Pathway Private Equity Fund XXIX, LP",Fund-of-Funds,United States,NR,NR
"ACP Multiactivo I, FCR",Fund-of-Funds,Spain,NR,NR
Green Wave (Foundation) Private Assets Cayman Holdings Ltd,Fund-of-Funds,Cayman Islands,NR,NR
RRMJ L.L.C.,Investment Company,United States,NR,NR
SP Islanders Acquisitions L.P.,Fund-of-Funds,United States,NR,NR
"HarbourVest Flying Fund Associates L.P., on behalf of HarbourVest FFV Fund L.P.",Fund-of-Funds,Cayman Islands,NR,NR
Zurich American Insurance Company,Insurance Company,United States,NR,NR
Zurich Insurance Company Ltd,Insurance Company,Switzerland,NR,NR
S.L.P. RUSSEIL PE,Fund-of-Funds,France,NR,NR
Lake Fund 2022,Fund-of-Funds,United States,NR,NR
Raycap Asset Investments Ltd,Investment Company,Cyprus,NR,NR
La Union S.A.R.L. - SPF,Investment Company,Luxembourg,NR,NR
INVERSIONES TRENTINO LIMITADA,Investment Company,Chile,NR,NR
"Custody Bank of Japan, Ltd. a/c 18667-2001",Other,Japan,NR,NR
TriPos GmbH,Family Office,Germany,NR,NR
Moulton Goodies Limited,Investment Company,Guernsey,NR,NR
Fortuna Equity GmbH,Other,Germany,NR,NR
"Investar FOF Portfolio, L.P.",Fund-of-Funds,Cayman Islands,NR,NR
Gijon Investments S.a.r.l - S.P.F.,Fund-of-Funds,Luxembourg,NR,NR
Finance 1805 SA acting as nominee on behalf of clients Ref. MCB,Other,Switzerland,NR,NR
Global Opportunities Fund Limited,Investment Company,Cayman Islands,NR,NR
Inversiones Calbuco SpA,Investment Company,Chile,NR,NR
Sky Rainbow Group Limited,Investment Company,Qatar,NR,NR
Kaihui Limited,Investment Company,British Virgin Islands,NR,NR
Circum GmbH,Other,Germany,NR,NR
Pecon GmbH,Other,Germany,NR,NR
RSJ Investments Investicni Spolecnost A.S. acting on behalf of RSJ Spectrum otevrený podílový fond,Investment Company,Czech Republic,NR,NR
VEGA ALTERNATIVE INVESTMENTS PCC LIMITED,Fund-of-Funds,UK,NR,NR
Fondazione Cassa di Risparmio di Padova e Rovigo,Foundation,Italy,NR,NR
Universita Commerciale Luigi Bocconi,Endowment,Italy,NR,NR
Narval Investimenti S.p.A.,Investment Company,Italy,NR,NR
CA Large BO Program S.L.P.,Other,Canada,NR,NR
Maatschap De Noordzee,Other,Netherlands,NR,NR
"A&G Global Private Equity I, F.C.R.",Fund-of-Funds,Spain,NR,NR
Knop Investments 1 B.V.,Investment Company,Netherlands,NR,NR
Unicornis Operations GmbH,Insurance Company,Germany,NR,NR
ELVI SAS,Other,France,NR,NR
"Deka International S.A. acting for and on behalf of Perpetuum SICAV-FIS, S.A. – Teilfonds PE",Fund-of-Funds,Luxembourg,NR,NR
ERGO Private Capital Komposit GmbH & Co. KG,Fund-of-Funds,Germany,NR,NR
ERGO Private Capital Victoria Leben GmbH,Fund-of-Funds,Germany,NR,NR
ERGO Private Capital Vorsorge GmbH,Fund-of-Funds,Germany,NR,NR
TATOU maatschap,Other,Netherlands,NR,NR
LUXINVEST I S.A. SICAV-RAIF,Fund-of-Funds,Luxembourg,NR,NR
LA FINANCIERE BALDOMERIENNE,Investment Company,France,NR,NR
Stitching Juridisch Eigenaar Godello acting as custodian for and on behalf of Godello CV,Fund-of-Funds,Netherlands,NR,NR
"HarbourVest GP LLC, on behalf of HarbourVest L Global PE SMA L.P.",Fund-of-Funds,United States,NR,NR
Loyola Marymount University,Endowment,United States,NR,NR
American Electric Power Master Retirement Trust,Other Pension Plan,United States,NR,NR
PE2LUX SICAV-RAIF acting for and on behalf of Sub-Fund BSAV PE,Fund-of-Funds,Luxembourg,NR,NR
Southern California Pipe Trades Retirement Fund,Other Pension Plan,United States,NR,NR
MEBA Pension Trust,Other Pension Plan,United States,NR,NR
New York State Nurses Association Pension Plan,Other Pension Plan,United States,NR,NR
HarbourVest FRS R3 LLC,Fund-of-Funds,United States,NR,NR
"HarbourVest GP LLC, on behalf of HV SI - Apollo Sengai Fund L.P.",Fund-of-Funds,United States,NR,NR
AlpInvest PSS GP B.V. as title holder and in its capacity as general partner of APSS II Primary C.V.,Fund-of-Funds,Netherlands,NR,NR
Harco A. Limited,Corporate,Bahamas,NR,NR
The State of South Dakota-Education Enhancement Trust Fund acting by the South Dakota Investment Council,Public Pension Plan,United States,NR,NR
"NS Private Equity GP LLC, in its capacity as General Partner and statutory trustee of the assets of NS Private Equity
Fund, L.P.",Fund-of-Funds,Cayman Islands,NR,NR
CITCO BANK CANADA REF PERE COLLECTION IV ONSHORE FUND L.P.,Fund-of-Funds,Canada,NR,NR
SRCS HL PE 1 (Master) LP,Fund-of-Funds,United States,NR,NR
"Tokio Marine & Nichido Life Insurance Co., Ltd",Insurance Company,Japan,A+,Aa3
74 BR LLC,Other,,NR,NR
"Custody Bank of Japan, Ltd. a/c 33495-4001",Other,Japan,NR,NR
Lesha IX SPV Limited,Fund-of-Funds,Cayman Islands,NR,NR
Mapfre Private Equity I FCR,Fund-of-Funds,Spain,NR,NR
Equitum GmbH,Fund-of-Funds,Germany,NR,NR
Ritec Holding GmbH,Investment Company,Germany,NR,NR
"Moonfare Global Portfolio II, LP.",Investment Company,United States,NR,NR
Kronospan Investments SE,Investment Company,Luxembourg,NR,NR
"CW Private Markets Fund 2021, LLC",Fund-of-Funds,United States,NR,NR
RA Program 2022-2 Foreign Income Blocker Ltd,Fund-of-Funds,Cayman Islands,NR,NR
Brown Brothers Harriman & Co. As Custodian For AFP Planvital SA Fondo De Pensiones Tipo A 0102749,Other Pension Plan,Chile,NR,NR
"Pepper, L.P",Other,Canada,NR,NR
Second Row AB,Fund-of-Funds,Sweden,NR,NR
Contemporary Partners,Investment Company,United States,NR,NR
AlpInvest RedC Primary B.V. as title holder and in its capacity as general partner of AlpInvest RedC Primary C.V.,Fund-of-Funds,Netherlands,NR,NR
Bradley University Endowment,Endowment,United States,NR,NR
Global Private Equity Investments 2019 TM LP,Fund-of-Funds,Jersey,NR,NR
LABONGE INVESTMENTS CORP,Investment Company,Panama,NR,NR
University of Nebraska Foundation - University Endowment,Endowment,United States,NR,NR
Fondo de Cesantía Protección,Other Pension Plan,Colombia,NR,NR
ALMAHUE INVESTMENTS LP,Investment Company,Chile,NR,NR
BIO BIO INTERNATIONAL INVESTMENTS SCS,Investment Company,Luxembourg,NR,NR
J. Leon & Company Limited,Investment Company,UK,NR,NR
Four Hills Inc.,Investment Company,Chile,NR,NR
Naji Holding S.A.L,Investment Company,Jordan,NR,NR
NOVALFA CAPITAL S.R.L.,Investment Company,Italy,NR,NR
"Santalucía Inversiones Alternativas, FCR",Fund-of-Funds,Spain,NR,NR
Niebra International Ltd.,Investment Company,UK,NR,NR
itc capital GmbH,Investment Company,Germany,NR,NR
Groupe La Villeguérin,Corporate,France,NR,NR
Mayan Limited,Other,UK,NR,NR
GROUPE JOSI SA,Insurance Company,Belgium,NR,NR
Léman Family Funds – Léman Family Fund,Family Office,Luxembourg,NR,NR
"Partners Group NTCA Plan NE, L.P.",Fund-of-Funds,Cayman Islands,NR,NR
"Prairie State Opportunities Fund, LLC",Fund-of-Funds,United States,NR,NR
Green Wave (TRUST) Private Assets LP,Fund-of-Funds,United States,NR,NR
Clal Insurance Company Ltd. for its Nostro,Insurance Company,Israel,NR,NR
"Abbott Capital Europe Private Equity Strategy 2021, L.P.",Fund-of-Funds,UK,NR,NR
"UNION BANCAIRE PRIVÉE, UBP SA",Financial Institution,Switzerland,NR,NR
ReliaStar Life Insurance Company,Insurance Company,United States,A+,A2
MONTE ROSA VI FCR,Fund-of-Funds,Spain,NR,NR
"Landon Investments SCR, S.A.",Fund-of-Funds,Spain,NR,NR
Michael Hove Holding ApS,Investment Company,Denmark,NR,NR
Immordino LLC,Family Office,United States,NR,NR
The State of South Dakota-School and Public Lands Trust Fund (trust fund created under Art. VIII. Sec.2 & 7 of the South Dakota Constitution) acting by the South Dakota Investment Council,Public Pension Plan,United States,NR,NR
"Union Bancaire Privée, UBP SA Nostro",Financial Institution,Switzerland,NR,NR
FRAY LEON INTERNATIONAL S.A.,Family Office,Panama,NR,NR
CPS Holdings (Lux) L.P.,Fund-of-Funds,Luxembourg,NR,NR
Helaba Invest KAG mbH on behalf and for the account of HI-S-EZVK-Fonds (Segment HI-S PE-LCP-SFonds),Fund-of-Funds,Germany,NR,NR
The State of South Dakota-Cement Trust Fund (trust fund created under Art. XIII. Sec.20 of SD Constitution)  acting by the South Dakota Investment Council,Public Pension Plan,United States,NR,NR
AlpInvest SIG GP II B.V. as title holder and in its capacity as general partner of AlpInvest SIG II Primary C.V.,Fund-of-Funds,Netherlands,NR,NR
HQ Trust Investment SICAV-SIF – Librarius,Fund-of-Funds,Luxembourg,NR,NR
Colunquen L.P.,Family Office,New Zealand,NR,NR
CSP IV Holdings L.P.,Fund-of-Funds,Cayman Islands,NR,NR
DATABRIDGE PTY LTD,Investment Company,Australia,NR,NR
Brown Brothers Harriman & Co. As Custodian For AFP Planvital SA Fondo De Pensiones Tipo D 0103234,Other Pension Plan,Chile,NR,NR
Unison Investment Ltd,Investment Company,Bermuda,NR,NR
Godelax AG,Investment Company,Switzerland,NR,NR
"LAUREL DE INVESTMENTS, LLC",Investment Company,United States,NR,NR
ConsilEng s.r.o.,Investment Company,Czech Republic,NR,NR
BLU ACQUARIO PRIMA SPA,Investment Company,Italy,NR,NR
"Softcord, S.L.U.",Other,Spain,NR,NR
SVV GmbH,Investment Company,Germany,NR,NR
Norby Family ApS,Family Office,Denmark,NR,NR
APRIMA (Deutschland) GmbH,Investment Company,Germany,NR,NR
FIDUCIAIRE EUROPE SA,Investment Company,Luxembourg,NR,NR
JJ Investments B.V.,Investment Company,Netherlands,NR,NR
BB Investments B.V.,Investment Company,Netherlands,NR,NR
PINEWOOD,Other,UK,NR,NR
EM8 Europe Fund 1 FPCI,Fund-of-Funds,France,NR,NR
AlpInvest J II GP B.V. as title holder and in its capacity as general partner of AJ II Primary C.V.,Fund-of-Funds,Netherlands,NR,NR
Eftirlaunasjodur FIA,Other Pension Plan,Iceland,NR,NR
DFI LP Alt (Private 2022),Fund-of-Funds,United States,NR,NR
WABASH INVESTMENT LIMITED PARTNERSHIP,Investment Company,United States,NR,NR
The Goldman Sachs Foundation,Foundation,United States,NR,NR
"KM Diversified Holdings, LLC",Investment Company,United States,NR,NR
Arnica Investments Ltd,Investment Company,Cayman Islands,NR,NR
Tessona Limited LLC,Investment Company,United States,NR,NR
"JP Morgan Chase Bank, N.A. as Directed Trustee for Vought Aircraft Industries Inc. Master Defined Benefit Trust",Corporate Pension Plan,United States,NR,NR
Partners Group Private Markets Insurance Fund I,Fund-of-Funds,United States,NR,NR
FUNDACION EMMANUEL,Foundation,Spain,NR,NR
"Abbott Capital Europe Private Equity Strategy 2022, L.P.",Fund-of-Funds,UK,NR,NR
"Varini Inversiones SCR, S.A.",Fund-of-Funds,Spain,NR,NR
Determination Associates,Investment Company,United States,NR,NR
Discernment Partners,Investment Company,United States,NR,NR
"Kai Capital Investment, SCR, S.A.",Investment Company,Spain,NR,NR
BLN Capital GmbH & Co. KG,Fund-of-Funds,Germany,NR,NR
District 1199J New Jersey Health Care Employers Pension Fund,Other Pension Plan,United States,NR,NR
"New York City Foundation for Cerebral Palsy, Inc.",Foundation,United States,NR,NR
BTL Limited,Investment Company,Cayman Islands,NR,NR
"Moussescoop 2023, LLC",Investment Company,United States,NR,NR
The State of South Dakota-Health Care Trust Fund (trust fund created under Art. XII. Section 5 of the South Dakota Constitution) acting by the South Dakota Investment Council,Public Pension Plan,United States,NR,NR
"JUMI INVEST SCR, S.A.",Fund-of-Funds,Spain,NR,NR
Lifeyrisauki,Other Pension Plan,Iceland,NR,NR
Brown Brothers Harriman & Co. As Custodian For AFP Planvital SA Fondo De Pensiones Tipo E 0103242,Other Pension Plan,Chile,NR,NR
"Jewish Federation of Palm Beach County, Inc.",Foundation,United States,NR,NR
LeAtid Pension Funds Management Company Ltd.,Other Pension Plan,Israel,NR,NR
Helaba Invest KAG mbH on behalf and for the account of HI-P-EZVK-B-Fonds (segment HI-P-B-PE-LCP-SFonds),Fund-of-Funds,Germany,NR,NR
Clearstream Banking S.A. AFS AFP Provida Fondo De Pensiones Tipo E.,Other Pension Plan,Chile,NR,NR
Morris Ventures,Investment Company,United States,NR,NR
Yellow Road Inc,Investment Company,Chile,NR,NR
Illness and Accident Provident Fund 526,Fund-of-Funds,,NR,NR
Karnit Road Accident Victims Compensation Fund,Other Pension Plan,Israel,NR,NR
"AM Gestió Venture Capital SCR, S.A.",Investment Company,Spain,NR,NR
"Elisa Invest SCR, S.A.",Investment Company,Spain,NR,NR
"Farahoz SCR, S.A.",Investment Company,Spain,NR,NR
MFO Asset Management Ltd – JAM AIF Common Fund – Hyperjam,Fund-of-Funds,Cyprus,NR,NR
CVW Holding UG (haftungsbeschraenkt),Investment Company,Germany,NR,NR
1986 Holding GmbH,Investment Company,Germany,NR,NR
SUFFREN SA,Fund-of-Funds,France,NR,NR
Metropolitan Life Insurance Company (on behalf of its Separate Account 285),Insurance Company,United States,NR,NR
AOG Investments Limited,Investment Company,Malta,NR,NR
Eastern Michigan University Foundation,Foundation,United States,NR,NR
"Partners Group Private Equity II Finance, LLC",Fund-of-Funds,United States,NR,NR
Finance 1805 SA acting as nominee on behalf of Pensionskasse Buhler AG Uzwil,Other Pension Plan,Switzerland,NR,NR
"Asbury SCR, S.A.",Fund-of-Funds,Spain,NR,NR
"Binicap SCR, S.A.",Fund-of-Funds,Spain,NR,NR
Helaba Invest KAG mbH on behalf and for the account of HI-F-EZVK-Fonds (segment HI-F-PE-LCP-SFonds),Fund-of-Funds,Germany,NR,NR
Spring Capital GmbH,Investment Company,Germany,NR,NR
Boston College High School,Endowment,United States,NR,NR
Lifeyrissjodur Rangaeinga,Other Pension Plan,Iceland,NR,NR
Helaba Invest KAG mbH on behalf and for the account of HI-S-EZVK-B-Fonds (segment HI-S-B-PE-LCP-SFonds),Fund-of-Funds,Germany,NR,NR
"NH Investment & Securities Co., Ltd.",Investment Company,South Korea,A-,A3
World Bank,Financial Institution,United States,AAA,Aaa
Manulife Financial Corp,Financial Institution,Canada,AA-,NR
Santa Barbara County Employees’ Retirement System,Public Pension Plan,United States,AA-,Aa2
Mizuho Bank Ltd.,Financial Institution,Japan,A,A1
Platinum Compass B 2018 RSC Limited,SWF,United Arab Emirates,NR,Aa2
Gamma Emirates Investments L.L.C.,SWF,United Arab Emirates,NR,Aa2
"Lærernes Pension, Forsikringsaktieselskab",Public Pension Plan,Denmark,NR,NR
Motor Trades Association of Australia Superannuation Fund Pty. Limited (ABN 14 008 650 628) as trustee for Spirit Super (ABN 74 559 365 913),Other Pension Plan,Australia,NR,NR
Första AP-fonden,Public Pension Plan,Sweden,NR,NR
GIC,SWF,Singapore,NR,NR
City of Bradford Metropolitan District Council as administering authority for West Yorkshire Pension Fund,Public Pension Plan,UK,NR,NR
Harel Insurance,Insurance Company,Israel,NR,NR
Allianz Leben Infrastrutturfonds GmbH,Fund-of-Funds,Germany,NR,NR
Allianz Private Markets SCSp SICAV-RAIF-Kennedy I,Fund-of-Funds,Luxembourg,NR,NR
1793177 Ontario Inc.,Fund-of-Funds,Canada,NR,NR
MR Infrastructure Investment GmbH,Fund-of-Funds,Germany,NR,NR
KEB Hana Bank as trustee of Samsung DBPIII Digital Infrastructure Private Investment Fund No.1,Fund-of-Funds,South Korea,NR,NR
KEB Hana Bank as trustee of Samsung Strategic Infrastructure Fund No. 2,Fund-of-Funds,South Korea,NR,NR
Standard Chartered Bank Korea Limited as trustee of PineStreet DBP3 Infrastructure Private Investment Trust No.1,Fund-of-Funds,South Korea,NR,NR
Standard Chartered Bank Korea Limited as trustee of PineStreet DBP3 Infrastructure Private Investment Trust No.2,Fund-of-Funds,South Korea,NR,NR
Standard Chartered Bank Korea Limited as trustee of PineStreet DBP3 Infrastructure Private Investment Trust No.3,Fund-of-Funds,South Korea,NR,NR
Citibank Korea Inc. as trustee of Samsung DBP III Digital Infrastructure Private Investment Fund No.2 (USD),Fund-of-Funds,South Korea,NR,NR
JAML Capital One L.P.,Fund-of-Funds,United States,NR,NR
Diversified and Balanced Joint Opportunity Company 2024 (USD),Fund-of-Funds,,NR,NR
Amitim,Other Pension Plan,Israel,NR,NR
NB Initium Infrastructure II (USD) Holdings LP,Fund-of-Funds,,NR,NR
WK Aggregator LP,Fund-of-Funds,,NR,NR
"Strategic Partners Infrastructure Investments III, L.P.",Fund-of-Funds,,NR,NR
UBS Investment Foundation 3,Foundation,,A-,NR
Sihl Investment Foundation for Alternative Investments,Foundation,,NR,NR
Muntan Limited,Fund-of-Funds,,NR,NR
Unity Investment Holdings RSC Limited,Fund-of-Funds,,NR,NR
Madomit,Fund-of-Funds,,NR,NR
Citco Bank Canada Ref Digital Infrastructure III Offshore Feeder Fund LP,Fund-of-Funds,,NR,NR
"Citco Bank Canada Ref Pere Collection IV Onshore Fund, L.P.",Fund-of-Funds,,NR,NR
Global Infrastructure Solutions 5 Feeder (Balanced Invest) SCSp,Fund-of-Funds,,NR,NR
AXA Vorsorge Private Infrastructure SCSp,Fund-of-Funds,,NR,NR
AXA Vorsorge Private Infrastructure PI SCSp,Fund-of-Funds,,NR,NR
Victoire Investissement Holding SARL,Fund-of-Funds,,NR,NR
Lyra Invest Company Ltd,Fund-of-Funds,,NR,NR
"Partners Group Next Generation Infrastructure, LLC",Fund-of-Funds,,NR,NR
"Partners Group NTCA Plan NE, L.P. - Infrastructure",Fund-of-Funds,,NR,NR
Partners Group Access PF 637 L.P.,Fund-of-Funds,,NR,NR
"Partners Group – FPP Plan, L.P.",Corporate Pension Plan,,NR,NR
"DigitalBridge III Investor, LLC",GP,,NR,NR
"DigitalBridge III SLP, LP",GP,,NR,NR
"DigitalBridge III SLP (Cayman), LP",GP,,NR,NR
SHAD SA,Fund-of-Funds,,NR,NR
Universal-Investment-Gesellschaft mbH acting in its own name for the account of DT AIRE,Fund-of-Funds,,NR,NR
"ASF Rialto, L.P.",Fund-of-Funds,,NR,NR
Texas Permanent School Fund Corporation,Investment Company,,NR,NR
"RANW Infrastruktur S.C.S., SICAV-RAIF - RANW Infrastruktur I",Fund-of-Funds,,NR,NR
Kruger Inc. Master Trust,Corporate Pension Plan,,NR,NR
"AFP Habitat S.A. on behalf of Pension Funds Type A, B, C, D and E",Other Pension Plan,,NR,NR
EMUN Global Private Infrastructure otevřený podílový fond,Fund-of-Funds,,NR,NR
Partners Group Access PF 765 L.P.,Fund-of-Funds,,NR,NR
Banca Popolare di Sondrio on behalf of Cassa Nazionale di Previdenza e Assistenza Forense,Other Pension Plan,,NR,NR
Karnit - Road Accident Victims Compensation Fund,Other Pension Plan,,NR,NR
BERNY,Fund-of-Funds,,NR,NR
Kempen Alternative Markets Fund Sicav - RAIF Kempen Private Markets Fund,Fund-of-Funds,,NR,NR
"VP Fund Investments XII, LLC",Fund-of-Funds,,NR,NR
"VP Fund Investments XII (QP), LLC",Fund-of-Funds,,NR,NR
"J.P. Morgan Europe Limited in its capacity as Depositary for Fidelity Diversified Private Assets LTAF, a sub-fund of Fidelity Long-Term Asset Funds",Fund-of-Funds,,NR,NR
"Le Mans Fonds SCS, SICAV-FIS - Le Mans Fonds - AI Dachfonds I",Fund-of-Funds,,NR,NR
"Randolph Street Ventures, L.P. - 2025-20",Fund-of-Funds,,NR,NR
The Public Institution for Social Security,SWF,,NR,NR
Wafra InterVest Corporation Ltd.,Corporate,,NR,NR
Standard Chartered Bank Korea Limited as trustee of PineStreet DBP3 Infrastructure Private Investment Trust No.4,Fund-of-Funds,,NR,NR
New York State Teachers' Retirement System,Public Pension Plan,,NR,NR
"StepStone PF Opportunities (QFPF) Feeder, L.P.",Fund-of-Funds,,NR,NR
LGPI SEC S.C.Sp.,Fund-of-Funds,,NR,NR
Moy SEC Limited,Fund-of-Funds,,NR,NR
Standard Chartered Bank Korea Limited as trustee of PineStreet DBP3 Infrastructure Private Investment Trust No.5,Fund-of-Funds,,NR,NR
Teachers’ Retirement System of Louisiana,Public Pension Plan,United States,AA,Aa2
Alecta Tjänstepension Ömsesidigt,Other Pension Plan,Sweden,NR,NR
"VOGO Value Add Strategy Private Real Estate Fund XVII, acting by Standard Chartered Bank as trustee",Fund-of-Funds,,NR,NR
Board of Fire and Police Pension Commissioners of the City of Los Angeles,Public Pension Plan,United States,NR,NR
Water and Power Employees' Retirement Plan (Retirement Fund),Public Pension Plan,United States,NR,NR
Internationale Kapitalanlagegesellschaft mbH acting for the account of Sondervermoegen 13b,Endowment,Germany,NR,NR
"Juniversitas Real Estate Diversified Fund SS (USD), L.P.",Endowment,,NR,NR
University of British Columbia Staff Pension Plan,Corporate Pension Plan,Canada,NR,NR
Montgomery County Employees’ Retirement System,Public Pension Plan,United States,NR,NR
The University of British Columbia,Endowment,Canada,NR,NR
The Great Eastern Trust Private Limited,Insurance Company,Singapore,NR,NR
Water and Power Employees' Retirement Plan (Retiree Health Benefits Fund),Public Pension Plan,United States,NR,NR
The Children’s Hospital of Philadelphia Foundation,Foundation,United States,NR,NR
Montgomery County Consolidated Retiree Health Benefits Trust,Public Pension Plan,United States,NR,NR
Harel Insurance Company Ltd.,Insurance Company,Israel,NR,NR
Eternity Four Trust,Family Office,,NR,NR
Atwill B&O 2,Family Office,,NR,NR
HFI Global AG,Family Office,,NR,NR
Faisal Fahad A Alowaidah,Family Office,,NR,NR
New Corp. Limited,Family Office,,NR,NR
Inversiones Trentino Limitada,Family Office,,NR,NR
Sutton Lane Ltd.,Family Office,,NR,NR
Calamari Capital Inc.,Family Office,,NR,NR
ACP MULTIACTIVO II FCR,Fund-of-Funds,Spain,NR,NR
AEK WIEN SIF,Fund-of-Funds,Luxembourg,NR,NR
AFP HABITAT SA ON BEHALF PENSION FUNDS TYPE A B C D AND E,Other Pension Plan,Chile,NR,NR
AGUR PROVIDENT AND TRAINING FUNDS MANAGEMENT LTD ON BEHALF OF AL YESODI,Other Pension Plan,Israel,NR,NR
AGUR PROVIDENT AND TRAINING FUNDS MANAGEMENT LTD ON BEHALF OF MISHOR,Other Pension Plan,Israel,NR,NR
ALLIANZ PRIVATE MARKETS SCSP SICAV RAIF KENNEDY 1,Fund-of-Funds,Luxembourg,AA,Aa2
ALLIANZ PRIVATE MARKETS SCSP SICAV RAIF SIRIUS,Fund-of-Funds,Luxembourg,AA,Aa2
AM GESTIO VENTURE CAPITAL SCR SA,Investment Company,Spain,NR,NR
ARACORP CAPITAL SCR SA,Investment Company,Spain,NR,NR
ATUDOT PENSION FUND FOR WORKERS AND INDEPENDENT WORKERS LTD,Other Pension Plan,Israel,NR,NR
BAKER STREET INVESTMENT PTE LTD,SWF,Singapore,NR,NR
BAYVK I1 FONDS B,Fund-of-Funds,Luxembourg,NR,NR
BBVA MERCADOS PRIVADOS 2022 FCR ACTING THROUGH ITS MANAGEMENT COMPANY BBVA ASSET MANAGEMENT SA SGIIC,Investment Company,Spain,NR,NR
BEIJING AZALEA MANAGEMENT CONSULTING CORPORATION,SWF,China,NR,NR
BELGIAN NUCLEAR LIABILITIES FUND,Fund-of-Funds,Belgium,NR,NR
BENEVA INC,Insurance Company,Canada,NR,NR
BERA AS,Corporate,Norway,NR,NR
BIRCHTREE FUND INVESTMENTS PRIVATE LIMITED,SWF,Singapore,AAA,Aaa
BROWN BROTHERS HARRIMAN AND CO AS CUSTODIAN FOR AFP HABITAT HA FONDO3 4550232,Other Pension Plan,Peru,NR,NR
BROWN BROTHERS HARRIMAN AND CO AS CUSTODIAN FOR AFP MODELO SA FONDO DE PENSIONES TIPO A 5200357,Other Pension Plan,Chile,NR,NR
BROWN BROTHERS HARRIMAN AND CO AS CUSTODIAN FOR AFP MODELO SA FONDO DE PENSIONES TIPO B 5200365,Other Pension Plan,Chile,NR,NR
BROWN BROTHERS HARRIMAN AND CO AS CUSTODIAN FOR AFP MODELO SA FONDO DE PENSIONES TIPO C 5200373,Other Pension Plan,Chile,NR,NR
BROWN BROTHERS HARRIMAN AND CO AS CUSTODIAN FOR AFP MODELO SA FONDO DE PENSIONES TIPO D 5200381,Other Pension Plan,Chile,NR,NR
BROWN BROTHERS HARRIMAN AND CO AS CUSTODIAN FOR AFP MODELO SA FONDO DE PENSIONES TIPO E 5200399,Other Pension Plan,Chile,NR,NR
BVT CONCENTIO ENERGIE UND INFRASTRUKTUR INSTITUTIONELL GMBH AND CO GESCHLOSSENE INVESTMENT KG,Fund-of-Funds,Germany,NR,NR
CAA INFRASTRUCTURE 2023 REPRESENTED BY AMUNDI PRIVATE EQUITY FUNDS,Fund-of-Funds,France,NR,NR
CAM INFRASTRUCTURE STRATEGIES SCS SICAV RAIF GLOBAL INFRASTRUCTURE FUND II,Fund-of-Funds,Luxembourg,NR,NR
CANADIAN MEDICAL PROTECTIVE ASSOCIATION,Foundation,Canada,NR,NR
CAPE JASMINE LIMITED,SWF,China,NR,NR
CLAL INSURANCE COMPANY LTD FOR ITS NOSTRO,Insurance Company,Israel,NR,NR
CLAL INSURANCE COMPANY LTD FOR PROFIT PARTICIPATING POLICIES,Insurance Company,Israel,NR,NR
CLAL PENSION AND PROVIDENT FUNDS LTD OBO THE PENSION FUNDS UNDER ITS MANAGEMENT,Corporate Pension Plan,Israel,NR,NR
CLAL PENSION AND PROVIDENT FUNDS LTD OBO THE PROVIDENT FUNDS UNDER ITS MANAGEMENT,Corporate Pension Plan,Israel,NR,NR
CLEARSTREAM BANKING SA AFS AFP PROVIDA FONDO DE PENSIONES TIPO A,Other Pension Plan,Chile,NR,NR
CLEARSTREAM BANKING SA AFS AFP PROVIDA FONDO DE PENSIONES TIPO B,Other Pension Plan,Chile,NR,NR
CLEARSTREAM BANKING SA AFS AFP PROVIDA FONDO DE PENSIONES TIPO C,Other Pension Plan,Chile,NR,NR
CLEARSTREAM BANKING SA AFS AFP PROVIDA FONDO DE PENSIONES TIPO D,Other Pension Plan,Chile,NR,NR
CLEARSTREAM BANKING SA AFS AFP PROVIDA FONDO DE PENSIONES TIPO E,Other Pension Plan,Chile,NR,NR
CLEARSTREAM BANKING SA ALTERNATIVE FUND SERVICES AFS AS SUBCUSTODIAN OF CITIBANK NA AS CUSTODIAN FOR AFP CUPRUM SA ACTING FOR FONDO DE PENSIONES TIPO A,Other Pension Plan,Chile,NR,NR
CLEARSTREAM BANKING SA ALTERNATIVE FUND SERVICES AFS AS SUBCUSTODIAN OF CITIBANK NA AS CUSTODIAN FOR AFP CUPRUM SA ACTING FOR FONDO DE PENSIONES TIPO B,Other Pension Plan,Chile,NR,NR
CLEARSTREAM BANKING SA ALTERNATIVE FUND SERVICES AFS AS SUBCUSTODIAN OF CITIBANK NA AS CUSTODIAN FOR AFP CUPRUM SA ACTING FOR FONDO DE PENSIONES TIPO C,Other Pension Plan,Chile,NR,NR
CLEARSTREAM BANKING SA ALTERNATIVE FUND SERVICES AFS AS SUBCUSTODIAN OF CITIBANK NA AS CUSTODIAN FOR AFP CUPRUM SA ACTING FOR FONDO DE PENSIONES TIPO D,Other Pension Plan,Chile,NR,NR
CLEARSTREAM BANKING SA ALTERNATIVE FUND SERVICES AFS AS SUBCUSTODIAN OF CITIBANK NA AS CUSTODIAN FOR AFP CUPRUM SA ACTING FOR FONDO DE PENSIONES TIPO E,Other Pension Plan,Chile,NR,NR
CPEG PANTHEON INFRASTRUCTURE LP,Fund-of-Funds,UK,NR,NR
CPP INVESTMENT BOARD PRIVATE HOLDINGS 6 INC,Public Pension Plan,Canada,AAA,NR
CUSTODY BANK OF JAPAN LTD AC 46404 6002,Other,Japan,NR,NR
CUSTODY BANK OF JAPAN LTD AC 46839-5207,Other,Japan,NR,NR
DANICA PENSION LIVSFORSIKRINGSAKTIESELSKAB,Other Pension Plan,Denmark,A-,NR
DIIV SCSP,Fund-of-Funds,Luxembourg,NR,NR
EKM AI FONDS LUX SA SICAV RAIF WARTBURG,Fund-of-Funds,Luxembourg,NR,NR
ENDOMETRIAL DIDI SL,Other,Spain,NR,NR
ENIF AGGREGATOR SCSP EQT INTEREST,Fund-of-Funds,Luxembourg,NR,NR
EQT EDEN INVESTMENTS AB,Fund-of-Funds,Luxembourg,NR,NR
EQT FUND MANAGEMENT SÀRL ACTING IN ITS OWN NAME AND ON BEHALF OF EQT NEXUS FUND MASTER FCP WITH RESPECT TO THE SUB FUND ENXF MASTER FCP I,Fund-of-Funds,Luxembourg,NR,NR
EQT HOLDINGS AB,Fund-of-Funds,Sweden,NR,NR
EQT INFRA VI TOPSIDE GP LLC,Fund-of-Funds,Luxembourg,NR,NR
EQT INFRASTRUCTURE VI GENERAL PARTNER SARL,Fund-of-Funds,Luxembourg,NR,NR
EQT INFRASTRUCTURE VI GMBH AND CO KG,Fund-of-Funds,Luxembourg,NR,NR
EQT INFRASTRUCTURE VI HOLDING SCSP EUR NO1,Fund-of-Funds,Luxembourg,NR,NR
EQT INFRASTRUCTURE VI HOLDING SCSP EUR NO2,Fund-of-Funds,Luxembourg,NR,NR
EQT INFRASTRUCTURE VI SIDE CAR GMBH AND CO KG,Fund-of-Funds,Luxembourg,NR,NR
EQT INFRASTRUCTURE VI SOTERIA SIDE CAR GMBH AND CO KG,Fund-of-Funds,Luxembourg,NR,NR
EQT NEXUS FUND SICAV ACTING THROUGH ITS SUB FUND ENIF,Fund-of-Funds,Luxembourg,NR,NR
EQT PROCUREMENT SARL,Fund-of-Funds,Luxembourg,NR,NR
FC144 INFRASTRUCTURE FUND,Fund-of-Funds,Canada,NR,NR
FERONIA INFRA CAYMAN LTD,Fund-of-Funds,Cayman Islands,NR,NR
FINANCIERE DE BUGEY OJ,Other,France,NR,NR
FONDATION LUCIE ET ANDRE CHAGNON,Foundation,Canada,NR,NR
FORT KNOX FORVARING AB,Investment Company,Sweden,NR,NR
FUNDPARTNER SOLUTIONS EUROPE SA ON BEHALF OF RP INSTITUTIONAL FUND INFRASTRUCTURE,Fund-of-Funds,Luxembourg,NR,NR
GAMLA LIVFÖRSÄKRINGSAKTIEBOLAGET SEB TRYGG LIV PUBL,Insurance Company,Sweden,NR,NR
GENF MARKETS FUND SCSP SICAV RAIF INFRASTRUCTURE,Fund-of-Funds,Luxembourg,NR,NR
GILDI LIFEYRISSJODUR,Public Pension Plan,Iceland,NR,NR
HALIFAX REGIONAL MUNICIPALITY MASTER TRUST,Public Pension Plan,Canada,NR,NR
HANNOVER RE EURO RE HOLDINGS GMBH,Fund-of-Funds,Germany,NR,NR
HAREL INSURANCE COMPANY LTD PARTICIPATING FUNDS,Insurance Company,Israel,NR,NR
HAREL PENSION AND PROVIDENT LTD,Other Pension Plan,Israel,NR,NR
HDI AI EUR BETEILIGUNGS GMBH,Fund-of-Funds,Germany,NR,NR
HDI REINSURANCE IRELAND SE,Insurance Company,Ireland,NR,NR
HISPAVIMA CAPITAL PRIVADO SCR SA,Investment Company,Spain,NR,NR
HSBC ALTERNATIVE INVESTMENTS S C A SICAV RAIF SUB FUND II INFRASTRUCTURE BASKET VI,Fund-of-Funds,Luxembourg,NR,NR
IACCESS PARTNERS SECURITIES COMPARTMENT IAP 2023 II,Fund-of-Funds,,NR,NR
IMERA INVESTMENT PTE LTD,SWF,Singapore,NR,NR
INDUSTRIAL ALLIANCE INSURANCE AND FINANCIAL SERVICES INC,Insurance Company,Canada,AA-,NR
INDUSTRIAL ALLIANCE INSURANCE AND FINANCIAL SERVICES INC FOR THE ACCOUNT OF THE SUPPLEMENTAL PENSION PLAN FOR SALARIED EMPLOYEES OF INDUSTRIAL ALLIANCE INSURANCE AND FINANCIAL SERVICES INC,Other Pension Plan,Canada,AA-,NR
INTERNATIONALE KAPITALANLAGEGESELLSCHAFT MBH ACTING FOR THE ACCOUNT OF CPM 1 INFRA,Fund-of-Funds,Germany,NR,NR
INTERNATIONALE KAPITALANLAGEGESELLSCHAFT MBH ACTING FOR THE ACCOUNT OF ENTSORGUNGSFONDS,Fund-of-Funds,Germany,NR,NR
INTERNATIONALE KAPITALANLAGEGESELLSCHAFT MBH ACTING FOR THE ACCOUNT OF SDK AI SEGMENT SDK AI UMAA,Fund-of-Funds,Germany,NR,NR
INVESTOR INVESTMENTS HOLDING AB,Investment Company,Sweden,NR,NR
INVESTOR NETHERLANDS CV,Investment Company,Netherlands,NR,NR
ISTITUTO NAZIONALE DI PREVIDENZA DEI GIORNALISTI ITALIANI GIOVANNI AMENDOLA,Other Pension Plan,Italy,NR,NR
JP MORGAN NOMINEES AUSTRALIA PTY LTD ACT AS NOMINEE FOR JPMORGAN CHASE BANK NA SYDNEY BRANCH AS CUSTODIAN FOR NEW SOUTH WALES TREASURY CORP IN ITS CAP AS TRUSTEE FOR THE TCORPIM UNLISTED INFRA FUND,Fund-of-Funds,Australia,NR,NR
JUMI INVEST SCR SA,Fund-of-Funds,Spain,NR,NR
KAI CAPITAL INVESTMENT SCR SA,Investment Company,Spain,NR,NR
KBF FUND FOR AND ON BEHALF OF KBF FUND MAIN FUND,Fund-of-Funds,Belgium,NR,NR
KBF FUND MAIN FUND,Fund-of-Funds,Belgium,NR,NR
KING BAUDOUIN FOUNDATION,Foundation,Belgium,NR,NR
KIWOOM EQT INFRASTRUCTURE GENERAL PRIVATE INVESTMENT TRUST,Fund-of-Funds,South Korea,NR,NR
KOOKMIN BANK ACTING AS TRUSTEE OF DBAM GLOBAL INFRA ASSET PRIVATE TRUST NO 1,Fund-of-Funds,South Korea,NR,NR
KOREA POST SAVINGS BUREAU,Corporate,South Korea,NR,NR
KOREA TEACHERS PENSION,Public Pension Plan,South Korea,AA,Aa2
LANSFORSAKRINGAR GOTEBORG OCH BOHUSLAN,Financial Institution,Sweden,NR,NR
LEMBONGAN INVESTMENT PTE LTD,Other,Singapore,NR,NR
LEMBONGAN STREET INVESTMENT PTE LTD,Other,Singapore,NR,NR
LGPS CENTRAL VALUE ADD OPPORTUNISTIC INFRASTRUCTURE PARTNERSHIP LP,Fund-of-Funds,UK,NR,NR
LIFEYRISSJOOUR BAENDA,Other Pension Plan,Iceland,NR,NR
LIFEYRISSJOOUR RANGAEINGA,Other Pension Plan,Iceland,NR,NR
LVM KRANKENVERSICHERUNGS AG,Insurance Company,Germany,NR,NR
LVM LANDWIRTSCHAFTLICHER VERSICHERUNGSVEREIN MUNSTER AG,Insurance Company,Germany,NR,NR
LVM PENSIONSFONDS AG,Other Pension Plan,Germany,NR,NR
MANULIFE INTERNATIONAL LIMITED,Insurance Company,Hong Kong,AA-,NR
MARSTIA INVEST AS,Investment Company,Norway,NR,NR
MENORA MIVTACHIM PENSIONS AND GEMEL LTD NON QFPF,Other Pension Plan,Israel,NR,NR
METRAAS CAPITAL HOLDINGS LLC,Investment Company,United States,NR,NR
MULTIBRAND SICAV SIF ON BEHALF OF ITS SUB FUND MULTIBRAND SICAV SIF VALIDA INFRASTRUCTURE FUND,Fund-of-Funds,Luxembourg,NR,NR
NAN SHAN LIFE INSURANCE CO LTD,Insurance Company,Taiwan,NR,NR
NB INITIUM INFRASTRUCTURE EUR HOLDINGS LP,Fund-of-Funds,United States,NR,NR
NONGHYUP BANK AS TRUSTEE OF TIGER ALTERNATIVE INVESTMENT TRUST NO 107,Fund-of-Funds,South Korea,NR,NR
NUCLEAR INVESTMENT FUND 3,Fund-of-Funds,Luxembourg,NR,NR
PANTHEON ACCESS PRIMARY PROGRAM LP SERIES 300,Fund-of-Funds,United States,NR,NR
PANTHEON L GLOBAL INFRASTRUCTURE SMA LP,Fund-of-Funds,United States,NR,NR
PAPILLON BLEU FOUNDATION,Foundation,,NR,NR
PARTNERS GROUP ACCESS PF 467 LP,Investment Company,UK,NR,NR
PENSIONSKASSEN ARKITEKTER AND DESIGNERE,Other Pension Plan,Denmark,NR,NR
PENSIONSKASSEN FOR TEKNIKUM OG DIPLOMINGENIORER,Other Pension Plan,Denmark,NR,NR
PRIVATE EQUITY BASKET LIMITED PARTNERSHIP,Fund-of-Funds,,NR,NR
RAMSBURY INVEST AB,Family Office,Sweden,NR,NR
SAEV AI SCS SICAV RAIF INFRASTRUKTUR,Fund-of-Funds,Luxembourg,NR,NR
SAMPENSION LIVSFORSIKRING AS,Corporate Pension Plan,Denmark,NR,NR
SANTALUCIA INVERSIONES ALTERNATIVAS FCR,Fund-of-Funds,Spain,NR,NR
SEB Stiftelsen Skandinaviska Enskilda Bankens Pensionsstiftelse,Other Pension Plan,Sweden,NR,NR
SOJECCI II LTEE,Fund-of-Funds,Canada,NR,NR
STANDARD CHARTERED BANK KOREA LIMITED AS TRUSTEE FOR VOGO GLOBAL INFRA PRIVATE FUND IX,Fund-of-Funds,South Korea,NR,NR
STANDARD CHARTERED BANK KOREA LIMITED AS TRUSTEE FOR VOGO GLOBAL INFRA PRIVATE FUND X,Fund-of-Funds,South Korea,NR,NR
STENA METALL FINANS INVEST AB,Investment Company,Sweden,NR,NR
STICHTING JURIDISCH EIGENAAR IBS VALUE ADD INFRASTRUCTURE FUND,Fund-of-Funds,Netherlands,NR,NR
SUMITOMO LIFE INSURANCE COMPANY A,Insurance Company,Japan,A+,A1
SUMITOMO LIFE INSURANCE COMPANY B,Insurance Company,Japan,A+,A1
SUNCOR ENERGY INC ACTING IN ITS CAPACITY AS SPONSOR AND ADMINISTRATOR OF THE SUNCOR ENERGY PENSION PLAN TRUST,Corporate Pension Plan,Canada,NR,NR
SUNCOR ENERGY SYNCRUDE OPERATING INC ACTING IN ITS CAPACITY AS ADMINISTRATOR OF THE SUNCOR ENERGY SYNCRUDE OPERATING INC PENSION PLAN,Corporate Pension Plan,Canada,NR,NR
SUPERANNUATION FUNDS MANAGEMENT CORPORATION OF SOUTH AUSTRALIA,Other Pension Plan,Australia,NR,NR
TEACHERS INSURANCE AND ANNUITY ASSOCIATION OF AMERICA,Insurance Company,United States,NR,NR
THE DAI ICHI LIFE INSURANCE COMPANY LIMITED,Insurance Company,Japan,A+,A1
THE INDUSTRIAL BANK OF KUWAIT K S C,Financial Institution,Kuwait,A+,A1
THE NORTHERN TRUST COMPANY IN ITS CAP AS CUST FOR THE FUTURE FUND BOARD OF GUARDIANS ACTING IN CONNECTION WITH THE FUTURE FUND ABN 62 126 279 918 A COMPANY INCORP IN THE STATE OF ILLINOIS IN THE US,Other Pension Plan,Australia,NR,NR
THE NORTHERN TRUST COMPANY IN ITS CAP AS CUST FOR THE FUTURE FUND BOARD OF GUARDIANS AIC WITH THE MEDICAL RESEARCH FUTURE FUND ABN 62 126 279 918 A COMPANY INCORP IN THE STATE OF ILLINOIS IN THE US,Other Pension Plan,Australia,NR,NR
THE TRUSTEES OF FONDS COMMUN DE PLACEMENT DES REGIMES DE RETRAITE DE L UNIVERSITE LAVAL IN THEIR CAPACITY AS TRUSTEES,Endowment,Canada,NR,NR
THE VICTORIA FOUNDATION,Foundation,United States,NR,NR
TIERA CAPITAL SCA SICAV RAIF GLOBAL INFRASTRUCTURE OPPORTUNITIES II SUB FUND,Fund-of-Funds,Luxembourg,NR,NR
TORANOMON INFRASTRUCTURE 2 LP,Fund-of-Funds,Japan,NR,NR
TRANSGLOBE LIFE INSURANCE INC,Insurance Company,Taiwan,NR,NR
UNIINSTITUTIONAL SACHWERTE SCS SICAV SIF ACTING FOR AND ON BEHALF OF INFRASTRUKTUR INVEST 2,Fund-of-Funds,Luxembourg,NR,NR
VICTORIAN FUNDS MANAGEMENT CORPORATION AS TRUSTEE OF VFMC INFRASTRUCTURE MASTER TRUST,SWF,Australia,NR,NR
WB GLOBAL INVESTMENT SPC FOR THE ACCOUNT OF WB INVESTMENT EQT INFRA VI SP,Fund-of-Funds,Cayman Islands,NR,NR
YUKON PRIVATE EQUITY SCR SA,Fund-of-Funds,Spain,NR,NR
ACCESS FEEDER A90 SCSP,Fund-of-Funds,,NR,NR
ACCESS INFRASTRUCTURE SELECT SCSP,Fund-of-Funds,,NR,NR
ACCESS PRIVATE MARKET OPPORTUNITIES ELTIF SICAV MOONFARE PRIVATE MARKETS PORTFOLIO I,Fund-of-Funds,,NR,NR
ACM CAPITAL,Investment Company,,NR,NR
ACP INFRASTRUCTURE INCOME III FCR,Fund-of-Funds,,NR,NR
ACP MULTIACTIVO III FCR,Fund-of-Funds,,NR,NR
ACP MULTIACTIVO IV FCR,Fund-of-Funds,,NR,NR
ALCHIMIA SPA,Investment Company,,NR,NR
ALPHA GLOBAL ALTERNATIVES SCSP SICAV RAIF SUB FUND I,Fund-of-Funds,,NR,NR
ALTIN2016 SA SICAV FIS INFRA EQUITY 1,Fund-of-Funds,,NR,NR
ANEMONA PE SCR SA,Fund-of-Funds,,NR,NR
ANGLO SECURITIES PE LTD,Other,,NR,NR
APPIA IV HOLDING SCSP,Fund-of-Funds,,NR,NR
AXA GLOBAL INFRASTRUCTURE EQUITY ICAV INFRA 2025,Fund-of-Funds,,NR,NR
BAR AI INFRA SCS SICAV FIAR,Fund-of-Funds,,NR,NR
BELLAVISTA FEEDER FUND II SICAV RAIF BELLAVISTA II EIF VI,Fund-of-Funds,,NR,NR
BLUE BRIDGE TRUST COMPANY INC ITFC,Investment Company,,NR,NR
BROWN BROTHERS HARRIMAN & CO AS CUSTODIAN FOR AFP CAPITAL SA FONDO DE PENSIONES TIPO A 0103325,Other Pension Plan,,NR,NR
BROWN BROTHERS HARRIMAN & CO AS CUSTODIAN FOR AFP CAPITAL SA FONDO DE PENSIONES TIPO B 0103333,Other Pension Plan,,NR,NR
BROWN BROTHERS HARRIMAN & CO AS CUSTODIAN FOR AFP CAPITAL SA FONDO DE PENSIONES TIPO C 0101329,Other Pension Plan,,NR,NR
BROWN BROTHERS HARRIMAN & CO AS CUSTODIAN FOR AFP CAPITAL SA FONDO DE PENSIONES TIPO D 0103341,Other Pension Plan,,NR,NR
BROWN BROTHERS HARRIMAN & CO AS CUSTODIAN FOR SOCIEDAD ADMINISTRADORA DE FONDOS DE CESANTIA DE CHILE III SA FONDO DE CESANTIA CIC 0104661,Other Pension Plan,,NR,NR
BROWN BROTHERS HARRIMAN AND CO AS CUSTODIAN FOR AFP PLANVITAL SA FONDO DE PENSIONES TIPO A 0102749,Other Pension Plan,,NR,NR
BROWN BROTHERS HARRIMAN AND CO AS CUSTODIAN FOR AFP PLANVITAL SA FONDO DE PENSIONES TIPO B 0102764,Other Pension Plan,,NR,NR
BROWN BROTHERS HARRIMAN AND CO AS CUSTODIAN FOR AFP PLANVITAL SA FONDO DE PENSIONES TIPO C 0101535,Other Pension Plan,,NR,NR
BROWN BROTHERS HARRIMAN AND CO AS CUSTODIAN FOR AFP PLANVITAL SA FONDO DE PENSIONES TIPO D 0103234,Other Pension Plan,,NR,NR
BROWN BROTHERS HARRIMAN AND CO AS CUSTODIAN FOR AFP PLANVITAL SA FONDO DE PENSIONES TIPO E 0103242,Other Pension Plan,,NR,NR
BROWN BROTHERS HARRIMAN AND CO AS CUSTODIAN FOR SOCIEDAD ADMINISTRADORA DE FONDOS DE CESANTIA DE CHILE III SA FONDO DE CESANTIA SOLIDARIO FCS 1046010,Other Pension Plan,,NR,NR
COMPANY H II PTE LTD,Other,,NR,NR
CRESCENTA PRIVATE EQUITY REAL ASSETS TOP PERFORMERS I FCR,Fund-of-Funds,,NR,NR
CUSTODY BANK OF JAPAN LTD AC 10512 0012,Other,,NR,NR
E MAJ LIMITED,Investment Company,,NR,NR
ENIF AGGREGATOR SCSP,Fund-of-Funds,,NR,NR
ENXF AGGREGATOR SCSP,Fund-of-Funds,,NR,NR
EQT EDEN INVESTMENTS LIMITED PARTNER SCSP,Fund-of-Funds,,NR,NR
EQT INFRASTRUCTURE VI NO 1 EUR ICAPITAL LUX ACCESS FUND A SUB FUND OF ICAPITAL LUXEMBOURG STRATEGIES SCA SICAV RAIF CLASS A,Fund-of-Funds,,NR,NR
EQT INFRASTRUCTURE VI NO 1 EUR ICAPITAL LUX ACCESS FUND A SUB FUND OF ICAPITAL LUXEMBOURG STRATEGIES SCA SICAV RAIF CLASS B,Fund-of-Funds,,NR,NR
EQT INVESTMENTS AB,Fund-of-Funds,,NR,NR
EQT PROCUREMENT SARL,Fund-of-Funds,,NR,NR
ERGO PRIVATE CAPITAL GESUNDHEIT GMBH,Fund-of-Funds,,NR,NR
ERGO PRIVATE CAPITAL VORSORGE GMBH,Fund-of-Funds,,NR,NR
ERI LUX UMBRELLA FUND S A SICAV RAIF ERI FONDS 5 PRIVATE EQUITY,Fund-of-Funds,,NR,NR
EXEA CAPITAL SCR SAU,Fund-of-Funds,,NR,NR
FCPR SIENNA PRIVATE ASSETS ALLOCATION,Fund-of-Funds,,NR,NR
FDL DIGNUS STIFTUNG,Other,,NR,NR
FINSTOCK HOLDINGS LIMITED,Investment Company,,NR,NR
FONDATION DE PREVOYANCE DU GROUPE BNP PARIBAS EN SUISSE,Foundation,,NR,NR
FONDO MUTUA EMPLEO DIEZ FONDO ABIERTO FONDO DE PENSIONES,Other Pension Plan,,NR,NR
FOREST 1914 SRL,Fund-of-Funds,,NR,NR
FPCI FINANCIERE DE BUGEY COMPARTIMENT OJ REPRESENTED BY AMUNDI PRIVATE EQUITY FUNDS,Fund-of-Funds,,NR,NR
FPCI PRIVATE STARS SELECTION IV,Fund-of-Funds,,NR,NR
FPS SWEN MUTEX INFRASTRUCTURES 2,Fund-of-Funds,,NR,NR
GLOBAL ALTERNATIVES FCP RAIF SUB FUND 1,Fund-of-Funds,,NR,NR
GLOBAL INFRA 2024 SLP,Fund-of-Funds,,NR,NR
GLOBAL INFRASTRUCTURE SOLUTIONS 5 FEEDER BALANCED INVEST SCSP,Fund-of-Funds,,NR,NR
GLOBAL INFRASTRUCTURE STRATEGIES,Fund-of-Funds,,NR,NR
GOLDING CAPITAL PARTNERS LUXEMBOURG SARL ACTING IN ITS OWN NAME BUT FOR THE ACCOUNT OF FCP FIAR HALLE 1,Fund-of-Funds,,NR,NR
GOLDING CAPITAL PARTNERS LUXEMBOURG SARL ACTING IN ITS OWN NAME BUT FOR THE ACCOUNT OF FCP FIAR INFRA I,Fund-of-Funds,,NR,NR
GOLDING CAPITAL PARTNERS LUXEMBOURG SARL ACTING IN ITS OWN NAME BUT FOR THE ACCOUNT OF GC ALTERNATIVES FCP FIAR,Fund-of-Funds,,NR,NR
GOLDING INFRASTRUCTURE 2020 SCS SICAV FIAR TEILFONDS A,Fund-of-Funds,,NR,NR
GOLDING INFRASTRUCTURE 2020 SCS SICAV FIAR TEILFONDS B,Fund-of-Funds,,NR,NR
GOLDING INFRASTRUCTURE 2022 SCS SICAV FIAR ACTING FOR AND ON BEHALF OF TEILFONDS A,Fund-of-Funds,,NR,NR
GOLDING INFRASTRUCTURE 2022 SCS SICAV FIAR ACTING FOR AND ON BEHALF OF TEILFONDS B,Fund-of-Funds,,NR,NR
HERA PRIVATE MARKETS SA SICAV RAIF P,Fund-of-Funds,,NR,NR
HOAK S A RAIF,Fund-of-Funds,,NR,NR
HQ TRUST INVESTMENT SICAV SIF LIBRARIUS,Fund-of-Funds,,NR,NR
HQT EINFRA VI GMBH AND CO KG,Fund-of-Funds,,NR,NR
INARCASSA CASSA NAZIONALE DI PREVIDENZA ED ASSISTENZA PER GLI INGEGNERI ED ARCHITETTI LIBERI PROFESSIONISTI,Other Pension Plan,,NR,NR
INSTITUTIONAL SOLUTIONS FUND FCP SIF VIA EMILIA PRIVATE MARKETS FUND,Fund-of-Funds,,NR,NR
INTERNATIONAL FASHION TRADING SARL,Corporate,,NR,NR
IVIZA CAPITAL SCR SAU,Fund-of-Funds,,NR,NR
JAML CAPITAL TWO LP,Fund-of-Funds,,NR,NR
JHK APS,Fund-of-Funds,,NR,NR
JUNIVERSITAS INFRASTRUCTURE EQUITY CORE FUND P EUR LP,Fund-of-Funds,,NR,NR
LA FINANCIERE BALDOMERIENNE,Investment Company,,NR,NR
LINAK HOLDING A S,Investment Company,,NR,NR
LION RIVER I NV,Fund-of-Funds,,NR,NR
LIQID SCS SICAV RAIF LIQID PRIVATE EQUITY IV,Fund-of-Funds,,NR,NR
LOGIC SRL,Fund-of-Funds,,NR,NR
LOMBARD INTERNATIONAL ASSURANCE SA ARVEST,Fund-of-Funds,,NR,NR
LOMBARD INTERNATIONAL ASSURANCE SA S77966,Fund-of-Funds,,NR,NR
LUXINVEST I SA SICAV RAIF,Fund-of-Funds,,NR,NR
M BEN DAVID FUNDS LTD,Other,,NR,NR
MAGELLAN 2324 LIMITED,Fund-of-Funds,,NR,NR
MENORA MIVTACHIM PENSIONS AND GEMEL LTD QFPF,Other Pension Plan,,NR,NR
MENORA PROPERTIES AND INVESTMENTS LTD,Fund-of-Funds,,NR,NR
MERKUR SICAV RAIF SA INFRA PA I,Fund-of-Funds,,NR,NR
MESO FONDS SA RAIF TEILFONDS PE,Fund-of-Funds,,NR,NR
MFR MA SCS SICAV FIAR,Fund-of-Funds,,NR,NR
MR BETEILIGUNGEN 1 GMBH,Fund-of-Funds,,NR,NR
MUGGIO INVESTMENTS SCR SA,Investment Company,,NR,NR
MUTUAMAD CAPITAL SLU,Investment Company,,NR,NR
NAMARA INVESTMENTS,Investment Company,,NR,NR
NEW MOON UNLISTED AB,Fund-of-Funds,,NR,NR
NH INVESTMENT AND SECURITIES CO LTD AS TRUSTEE OF IGIS EQT GLOBAL INFRA PRIVATE INVESTMENT TRUST NO 558,Fund-of-Funds,,NR,NR
NONGHYUP BANK AS TRUSTEE OF KIWOOM EQT INFRA GENERAL PRIVATE INVESTMENT TRUST,Fund-of-Funds,,NR,NR
NORDEA SPECIALISED INVESTMENT FUND SICAV FIS GLOBAL INFRASTRUCTURE FUND,Fund-of-Funds,,NR,NR
NUBES 8 BETEILIGUNGS UND VERWALTUNGS GMBH,Fund-of-Funds,,NR,NR
NUCLEAR INVESTMENT FUND SA SICAV SIF SUB FUND NUCLEAR INVESTMENT FUND 3,Fund-of-Funds,,NR,NR
ORILLA ASSET MANAGEMENT SL,Investment Company,,NR,NR
PA GIP IV LIMITED,Fund-of-Funds,,NR,NR
PATRIMONIA VENTURES SAU,Fund-of-Funds,,NR,NR
PING AN LIFE INSURANCE COMPANY OF CHINA LTD,Insurance Company,,NR,NR
PRIMAPEN KMGK,Investment Company,,NR,NR
PRIVACCESS XVII ACTING IN RESPECT OF ITS COMPARTMENT PRIVACCESS XVII GLOBAL INFRASTRUCTURE 6,Fund-of-Funds,,NR,NR
RANW INFRASTRUKTUR SCS SICAV RAIF RANW INFRASTRUKTUR I GCP INFRASTRUKTUR,Fund-of-Funds,,NR,NR
RIVERSTONE INTERNATIONAL IRELAND DAC,Investment Company,,NR,NR
SALVIA INVESTMENT PTE LTD,Fund-of-Funds,,NR,NR
SAMUGGLAN HANDELSBOLAG,Other,,NR,NR
SCHULS SCR SA,Fund-of-Funds,,NR,NR
SEGURCAIXA ADESLAS SA DE SEGUROS Y REASEGUROS,Insurance Company,,NR,NR
SHINHAN BANK AS TRUSTEE FOR VOGO GLOBAL INFRA PRIVATE FUND XI,Fund-of-Funds,,NR,NR
SIMON MARKUS LOH FAMILIENSTIFTUNG,Family Office,,NR,NR
SIMRELVEST FLAGSHIP SCR SA,Fund-of-Funds,,NR,NR
SOGAI CAPITAL SCR S A U,Fund-of-Funds,,NR,NR
STATE STREET AUSTRALIA LIMITED AS CUSTODIAN FOR BRIGHTER SUPER TRUSTEE AS TRUSTEE FOR BRIGHTER SUPER,Fund-of-Funds,,NR,NR
SWEN INFRA MULTI SELECT 5,Fund-of-Funds,,NR,NR
THE MANAGEMENT COMPANY OF ROM KEREN HISHTALMUT LEOVDEI HARASUYOT HAMEKOMIOT LTD,Other Pension Plan,,NR,NR
THE MANAGEMENT COMPANY OF THE STUDY FUND FOR THE STATES EMPLOYEES LTD ON BEHALF OF MASLUL KLALI,Other Pension Plan,,NR,NR
THE MASTER TRUST BANK OF JAPAN LTD ACTING AS TRUSTEE FOR TRUST FUND NO 400031375,Other,,NR,NR
THE STATE OIL FUND OF THE REPUBLIC OF AZERBAIJAN,SWF,,NR,NR
TILIAER GMBH,Other,,NR,NR
TITAN INFRAESTRUCTURAS II FCR,Fund-of-Funds,,NR,NR
TITAN INVERSIONES EN INFRAESTRUCTURAS II SCR SA,Fund-of-Funds,,NR,NR
TOBA HOLDINGS LTD,Fund-of-Funds,,NR,NR
TUIGA CAPITAL SCR SA,Fund-of-Funds,,NR,NR
UBS LUX PRIVATE MARKETS INFRASTRUCTURE OPPORTUNITIES FUND,Fund-of-Funds,,NR,NR
UNIVERSAL INVESTMENT GESELLSCHAFT MBH ACTING IN ITS OWN NAME FOR THE ACCOUNT OF DPCTA PRIVATE MARKETS FONDS,Fund-of-Funds,,NR,NR
UNIVERSAL INVESTMENT GESELLSCHAFT MBH ACTING IN ITS OWN NAME FOR THE ACCOUNT OF EKBO INFRASTRUKTUR 24,Fund-of-Funds,,NR,NR
UNIVERSITA COMMERCIALE LUIGI BOCCONI,Endowment,,NR,NR
VOLITO KAPITAL AKTIEBOLAG,Investment Company,,NR,NR
WAI TRIPTYCHON MASTER SA SICAV FIAR TEILFONDS INFRA,Fund-of-Funds,,NR,NR
WF SELECTION INFRA 2,Fund-of-Funds,,NR,NR
YARPA SPA,Fund-of-Funds,,NR,NR
ZENT INTERNATIONAL LIMITED,Investment Company,,NR,NR
ZUGSPITZE PRIVATE EQUITY INFRA,Investment Company,,NR,NR
425 PRIVATE FUND II LP,Fund-of-Funds,United States,NR,NR
7764383 CANADA INC,Corporate,Canada,NR,NR
ADVENTIST HEALTH SYSTEM SUNBELT HEALTHCARE CORP,Corporate,United States,NR,NR
ALASKA PERMANENT FUND CORPORATION APFC ACTING FOR AND ON BEHALF OF THE FUNDS OVER WHICH THE APFC IS DESIGNATED BY ALASKA STATUTES CHAPTER 37 13 TO MANAGE AND INVEST,Public Pension Plan,United States,AA,Aa2
AMERICAN GENERAL LIFE INSURANCE COMPANY,Insurance Company,United States,A+,A2
ASF ROBIN LP,Fund-of-Funds,United States,NR,NR
AUBURN UNIVERSITY FOUNDATION,Foundation,United States,NR,NR
AUBURN UNIVERSITY FOUNDATION AGENT FOR AUBURN UNIVERSITY SOLE BENEFICIAL OWNER,Foundation,United States,NR,NR
AXA VORSORGE PRIVATE INFRASTRUCTURE PI SCSP,Fund-of-Funds,Luxembourg,NR,NR
AXA VORSORGE PRIVATE INFRASTRUCTURE SCSP,Fund-of-Funds,Luxembourg,NR,NR
CENTRAL PENSION FUND OF THE INTERNATIONAL UNION OF OPERATING ENGINEERS AND PARTICIPATING EMPLOYERS,Other Pension Plan,United States,NR,NR
COMPTROLLER OF THE STATE OF NEW YORK AS TRUSTEE OF THE COMMON RETIREMENT FUND,Public Pension Plan,United States,AA+,Aa1
CONTRA COSTA COUNTY EMPLOYEES RETIREMENT ASSOCIATION,Public Pension Plan,United States,NR,NR
DELTA HOLDINGS RSC LTD,SWF,United Arab Emirates,NR,NR
DHFI 2 FZ LLC,Fund-of-Funds,,NR,NR
EQT INFRASTRUCTURE VI HOLDING SCSP USD NO1,Fund-of-Funds,Luxembourg,NR,NR
EQT INFRASTRUCTURE VI HOLDING SCSP USD NO2,Fund-of-Funds,Luxembourg,NR,NR
GAMMA EMIRATES INVESTMENTS LLC,SWF,United Arab Emirates,NR,Aa2
HEST AUSTRALIA LTD ACN 006 818 695 AS TRUSTEE FOR HESTA,Other Pension Plan,Australia,NR,NR
HOUSTON FIREFIGHTERS RELIEF AND RETIREMENT FUND,Public Pension Plan,United States,NR,NR
INTERNATIONAL BANK FOR RECONSTRUCTION AND DEVELOPMENT ON BEHALF OF ITS POST EMPLOYMENT BENEFITS PLAN,Corporate Pension Plan,United States,AAA,Aaa
J BULOW CAMPBELL FOUNDATION,Foundation,United States,NR,NR
KOREA INVESTMENT CORPORATION SOLELY IN ITS CAPACITY AS AGENT FOR THE MINISTRY OF ECONOMY AND FINANCE OF THE REPUBLIC OF KOREA,SWF,South Korea,AA,Aa2
MEDSTAR HEALTH INC,Corporate,United States,A,A2
MERCER PRIVATE INVESTMENT PARTNERS VII LP FOR AND ON BEHALF OF MERCER PRIVATE INVESTMENT PARTNERS VII LP SERIES IS,Fund-of-Funds,,NR,NR
MERCER PRIVATE INVESTMENT PARTNERS VII SICAV SIF ACTING FOR AND ON BEHALF OF MERCER PRIVATE INVESTMENT PARTNERS VII SICAV SIF SUB FUND INFRA,Fund-of-Funds,Luxembourg,NR,NR
MIC CAPITAL MANAGEMENT 65 RSC LTD,SWF,United Arab Emirates,NR,NR
MITHAQ HOLDING SOLE PROPRIETORSHIP LLC,SWF,Saudi Arabia,NR,NR
MOTHER CABRINI HEALTH FOUNDATION INC,Foundation,United States,NR,NR
NATIONWIDE MUTUAL INSURANCE COMPANY,Insurance Company,United States,A+,A2
NB ENHANCED INCOME HOLDINGS II LP,Fund-of-Funds,United States,NR,NR
NEUB INFRASTRUCTURE HOLDINGS LP,Fund-of-Funds,United States,NR,NR
NEW MEXICO EDUCATIONAL RETIREMENT BOARD,Public Pension Plan,United States,AA,Aa2
NF PARTNERS SPC NF PARTNERS SP3,Other,,NR,NR
OMEGA EMIRATES INVESTMENTS LLC,Investment Company,United Arab Emirates,NR,NR
P2 LP INC,Other,UK,NR,NR
PARTNERS GROUP BUNGA RAYA LP,Investment Company,Cayman Islands,NR,NR
PARTNERS GROUP FPP PLAN LP,Corporate Pension Plan,United States,NR,NR
RANDOLPH STREET VENTURES LP 2023 49,Investment Company,United States,NR,NR
RUTGERS THE STATE UNIVERSITY DBA RUTGERS THE STATE UNIVERSITY OF NEW JERSEY LONG TERM INVESTMENT POOL,Endowment,United States,NR,NR
SA REAL ASSETS 15 LIMITED,Investment Company,,NR,NR
SAFO TLV 2 LLC,Fund-of-Funds,United States,NR,NR
SANTA BARBARA COUNTY EMPLOYEES RETIREMENT SYSTEM,Public Pension Plan,United States,AA-,Aa2
SEDRA HOLDING SOLE PROPRIETORSHIP LLC,SWF,United Arab Emirates,NR,NR
SOCIAL PROTECTION FUND,SWF,Oman,NR,NR
SOCIAL SECURITY OFFICE,Public Pension Plan,Thailand,NR,NR
STATE OF UTAH SCHOOL AND INSTITUTIONAL TRUST FUNDS OFFICE,Public Pension Plan,United States,AAA,Aaa
STATE TEACHERS RETIREMENT SYSTEM OF OHIO,Public Pension Plan,United States,AAA,Aaa
STEPSTONE AMITIM INFRASTRUCTURE OPPORTUNITIES FUND LP,Fund-of-Funds,United States,NR,NR
STRATEGIC PARTNERS INFRASTRUCTURE III INVESTMENTS LP,Fund-of-Funds,United States,NR,NR
SUMITOMO MITSUI FINANCE AND LEASING COMPANY LIMITED,Financial Institution,Japan,NR,NR
SUN LIFE ASSURANCE COMPANY OF CANADA,Insurance Company,Canada,AA,Aa3
SUN LIFE HONG KONG LIMITED,Insurance Company,Hong Kong,AA,NR
TEACHERS RETIREMENT SYSTEM OF LOUISIANA,Public Pension Plan,United States,AA,Aa2
TEACHERS RETIREMENT SYSTEM OF THE CITY OF NEW YORK,Public Pension Plan,United States,AA,Aa2
TENNESSEE VALLEY AUTHORITY ASSET RETIREMENT TRUST,Public Pension Plan,United States,AAA,Aaa
TENNESSEE VALLEY AUTHORITY MASTER DECOMMISSIONING TRUST,Public Pension Plan,United States,AAA,Aaa
TEXAS MUNICIPAL RETIREMENT SYSTEM,Other Pension Plan,United States,NR,NR
THE BOARD OF REGENTS OF THE UNIVERSITY OF TEXAS SYSTEM,Public Pension Plan,United States,AAA,Aaa
THE CHIBA BANK LTD,Financial Institution,Japan,A-,A1
THE HONG KONG UNIVERSITY OF SCIENCE AND TECHNOLOGY,Endowment,Hong Kong,NR,NR
THE LINDEN WEST TRUST,Foundation,United States,NR,NR
THE STATE OF OREGON BY AND THROUGH THE OREGON INVESTMENT COUNCIL ON BEHALF OF THE COMMON SCHOOL FUND,Public Pension Plan,United States,AA+,Aa1
THE SULTANATE OF OMAN MINISTRY OF DEFENCE PENSION FUND,SWF,Oman,BBB-,Baa3
THE UNIVERSITY OF GEORGIA FOUNDATION,Foundation,United States,BBB-,Baa3
THE UNIVERSITY OF HONG KONG,Endowment,Hong Kong,NR,NR
UNIVERSITY OF OTTAWA RETIREMENT PENSION PLAN (1965),Other Pension Plan,Canada,NR,NR
10695149 CANADA INC,Corporate,,NR,NR
ANDROMEDA LIMITED AS TRUSTEE OF THE ANDROMEDA UNIT TRUST,Fund-of-Funds,,NR,NR
AQUASOURCA SA SICAR 1 COMPARTMENT WORLD DIRECT SELECTION PRIVATE EQUITY AND REAL ESTATE II,Fund-of-Funds,,NR,NR
Ares Insurance Infrastructure Secondaries Fund I LP,Fund-of-Funds,,NR,NR
BENIC DEVELOPMENT SA,Corporate,,NR,NR
CONTRATO DE FIDEICOMISO IRREVOCABLE CIB 3825,Other,,NR,NR
CORVEST ALTERNATIVE ASSETS I MASTER SP,Fund-of-Funds,,NR,NR
EMPLOYEES RETIREMENT FUND OF THE CITY OF FORT WORTH TEXAS DBA FORT WORTH EMPLOYEES RETIREMENT FUND,Public Pension Plan,,AAA,Aaa
ENDOWMENT PORTFOLIO LP,Endowment,,NR,NR
EQT INFRASTRUCTURE VI ACCESS LLC,Fund-of-Funds,,NR,NR
EQT INFRASTRUCTURE VI ACCESS OFFSHORE FIB LLC,Fund-of-Funds,,NR,NR
EQT INFRASTRUCTURE VI GENERAL PARTNER SARL,Fund-of-Funds,,NR,NR
EQT INFRASTRUCTURE VI NO 1 USD ICAPITAL LUX ACCESS FUND A SUB FUND OF ICAPITAL LUXEMBOURG STRATEGIES SCA SICAV RAIF CLASS B,Fund-of-Funds,,NR,NR
EQT INFRASTRUCTURE VI NO 1 USD ICAPITAL LUX ACCESS FUND A SUB FUND OF ICAPITAL LUXEMBOURG STRATEGIES SCA SICAV RAIF CLASS C,Fund-of-Funds,,NR,NR
EQT INFRASTRUCTURE VI NO 1 USD ICAPITAL LUX ACCESS FUND A SUB FUND OF ICAPITAL LUXEMBOURG STRATEGIES SCA SICAV RAIF CLASS D,Fund-of-Funds,,NR,NR
EQT INFRASTRUCTURE VI NO 1 USD ICAPITAL LUX ACCESS FUND A SUB FUND OF ICAPITAL LUXEMBOURG STRATEGIES SCA SICAV RAIF CLASS F,Fund-of-Funds,,NR,NR
EQT INFRASTRUCTURE VI PRIVATE INVESTORS LLC,Fund-of-Funds,,NR,NR
EQT INFRASTRUCTURE VI PRIVATE INVESTORS OFFSHORE SICAV RAIF SCSP,Fund-of-Funds,,NR,NR
EQT INFRASTRUCTURE VI SIDE CAR GMBH AND CO KG,Fund-of-Funds,,NR,NR
EXPONENT HOLDINGS LIMITED,Fund-of-Funds,,NR,NR
FINANCE 1805 SA ACTING AS NOMINEE ON BEHALF OF CLIENTS REF FISP,Other,,NR,NR
GCM GROSVENOR AOI FUND LIMITED 2022 CLASS,Fund-of-Funds,,NR,NR
GLT PRIVATE ALTS FUND I LP,Fund-of-Funds,,NR,NR
GOLD LP,Fund-of-Funds,,NR,NR
GREEN LEAF INVESTMENT HOLDINGS SOLE PROPRIETORSHIP LLC,SWF,,NR,NR
HARBOURVEST FRS R3 LLC,Fund-of-Funds,,NR,NR
HARBOURVEST SLO FUND LP,Fund-of-Funds,,NR,NR
HATCH COMAL PARTNERS LLC,Investment Company,,NR,NR
"Heritage Fund Investments III, LLC",Fund-of-Funds,,NR,NR
HORACE MANN SCHOOL,Endowment,,NR,NR
ICAPITAL EQT INFRASTRUCTURE VI ACCESS FUND LP,Fund-of-Funds,,NR,NR
IMMACULATE HEART MISSIONS INC,Foundation,,NR,NR
INTERSEGURO COMPANIA DE SEGUROS SA,Insurance Company,,NR,NR
JASPER RIDGE DIVERSIFIED (TAX EXEMPT) L.P.,Fund-of-Funds,,NR,NR
"JASPER RIDGE DIVERSIFIED, L.P.",Fund-of-Funds,,NR,NR
JASPER RIDGE ILLIQUIDS LP,Fund-of-Funds,,NR,NR
KF INVESTORS LP,Other,,NR,NR
LORO SOUTH INC,Corporate,,NR,NR
MAR ADENTRO INTERNATIONAL CO LTD,Fund-of-Funds,,NR,NR
MORE PROVIDENT FUNDS AND PENSION LTD,Fund-of-Funds,,NR,NR
NC STATE INVESTMENT FUND INC,Endowment,,NR,NR
NF PRIVATE CIV 2022 LIMITED,Other,,NR,NR
OHIOHEALTH CORPORATION,Corporate,,AA+,Aa2
OHSU FOUNDATION ENDOWMENT FUND LP,Endowment,,NR,NR
OPTIMAL GLOBAL INVESTMENTS LIMITED,Investment Company,,NR,NR
ORCA SOUTH INC,Other,,NR,NR
PASSAIC FUND LLC,Fund-of-Funds,,NR,NR
PEACE HOUSE INFRASTRUCTURE III LTD,Fund-of-Funds,,NR,NR
PHILANTHROPAR INVESTMENTS LP,Fund-of-Funds,,NR,NR
PICTON EQT INFRASTRUCTURE VI FONDO DE INVERSION,Fund-of-Funds,,NR,NR
PLATINUM LP,Other,,NR,NR
RIVERSTONE INSURANCE UK LIMITED,Insurance Company,,NR,NR
SHAMAL ALTERNATIVE INVESTMENTS LTD,Investment Company,,NR,NR
SOUTH SHORE LP,Fund-of-Funds,,NR,NR
SPECTRA HOLDINGS TRUST INC,Investment Company,,NR,NR
STEPSTONE AMITIM INFRASTRUCTURE OPPORTUNITIES FUND L P SERIES 2025,Fund-of-Funds,,NR,NR
STRATEGIC PARTNERS INFRASTRUCTURE IV INVESTMENTS LP,Fund-of-Funds,,NR,NR
SULTAN HOLDING INTERNATIONAL LIMITED,Fund-of-Funds,,NR,NR
TAIPING TRUSTEES LIMITED,Fund-of-Funds,,NR,NR
"TERREBONNE INVESTMENTS, LP",Fund-of-Funds,,NR,NR
THE ENVIRONMENT FUND,Foundation,,NR,NR
TILAD FUNDS INVESTMENT LIMITED IIF,Fund-of-Funds,,NR,NR
TILAD FUNDS INVESTMENT LIMITED III M,Fund-of-Funds,,NR,NR
TILAD FUNDS INVESTMENT LIMITED IV P,Fund-of-Funds,,NR,NR
TILAD FUNDS INVESTMENT LIMITED VI AMK,Fund-of-Funds,,NR,NR
TOKENS VENTURES LTD,Investment Company,,NR,NR
UOF INVESTMENTS LP,Fund-of-Funds,,NR,NR
VINTAGE 2023 PRIVATE INVESTMENTS LLC,Fund-of-Funds,,NR,NR
VINTAGE 2023 PRIVATE INVESTMENTS OFFSHORE SICAV RAIF SCSP,Fund-of-Funds,,NR,NR
WOODROW INVESTMENTS LP,Other,,NR,NR
The Northern Trust Company in its capacity as custodian for the Future Fund Board of Guardians acting in connection with the Future Fund,SWF,Australia,NR,NR
"BlackRock Financial Management, Inc",Investment Company,United States,NR,NR
Korea Investment Corporation (solely in its capacity as agent for the Ministry of Economy and Finance of the Republic of Korea),SWF,South Korea,AA,Aa2
BAYVK I1-Fonds - B,Fund-of-Funds,Luxembourg,NR,NR
QS INFRASTRUCTURE PTY LTD AS TRUSTEE FOR QS GLOBAL INFRASTRUCTURE TRUST NO. 2,Public Pension Plan,Australia,NR,NR
The Virginia Retirement System,Public Pension Plan,United States,NR,NR
Board of Trustees for the Maryland Retirement and Pension System,Public Pension Plan,United States,NR,NR
The Board of the Pension Protection Fund,Public Pension Plan,UK,NR,NR
"CIBC Mellon Trust Company, solely in its capacity as trustee of the Trust Fund for the Defined Benefit Option of the Canadian Pacific Railway Company Pension Plan, and not in its personal capacity",Corporate Pension Plan,Canada,NR,NR
Tameside Metropolitan Borough Council as the administering authority of the Greater Manchester Pension Fund,Public Pension Plan,UK,NR,NR
7419539 Manitoba Ltd.,Corporate,Canada,NR,NR
"MUFG Bank, Ltd.",Financial Institution,Japan,A,A1
Alaska Retirement Management Board as trustee for the State of Alaska Retirement and Benefit Plans,Public Pension Plan,United States,NR,NR
NRECA Retirement Security Plan Trust,Corporate Pension Plan,United States,NR,NR
Chevron Corporation on behalf of Chevron Master Pension Trust,Corporate Pension Plan,United States,NR,NR
"The Dai-ichi Life Insurance Company, Ltd.",Insurance Company,Japan,A+,A1
Missouri Local Government Employees Retirement System,Public Pension Plan,United States,NR,NR
Empower Annuity Insurance Company,Insurance Company,United States,AA,Aa3
The Board of Trustees of the Saskatchewan Healthcare Employees' Pension Plan,Public Pension Plan,Canada,NR,NR
Metropolitan Transportation Authority (MTA) Master Trust,Corporate Pension Plan,United States,NR,NR
Firefighters' Pension Investment Fund,Other Pension Plan,United States,NR,NR
North Atlantic States Carpenters Pension Fund,Other Pension Plan,United States,NR,NR
North Atlantic States Carpenters Guaranteed Annuity Fund,Other Pension Plan,United States,NR,NR
Globe Life Inc. Pension Plan,Corporate Pension Plan,United States,NR,NR
Manhattan and Bronx Surface Transit Operating Authority (MaBSTOA) Pension Plan Trust,Corporate Pension Plan,United States,NR,NR
Sentry Insurance Company,Insurance Company,United States,NR,NR
Highmark Inc.,Corporate,United States,A,Baa1
Seattle City Employees’ Retirement System,Public Pension Plan,United States,NR,NR
Worcester Retirement System,Public Pension Plan,United States,NR,NR
Liberty National Life Insurance Company,Insurance Company,United States,AA-,A1
Bankers Life and Casualty Company,Insurance Company,United States,A-,A3
The Trustees of Hamilton College,Endowment,United States,NR,NR
LACERA OPEB Private Markets LP,Public Pension Plan,United States,NR,NR
Laborers' District Council and Contractors' Pension Fund of Ohio,Other Pension Plan,United States,NR,NR
Massachusetts Service Employees' Pension Fund,Public Pension Plan,United States,NR,NR
New York Life Insurance and Annuity Corporation,Insurance Company,United States,AA+,Aaa
"The Industrial Bank of Kuwait, K.S.C.",Financial Institution,Kuwait,A+,A1
The Bank of New York Mellon as Trustee for the KeySpan Corporation Pension Master Trust,Corporate Pension Plan,United States,NR,NR
Provident Life and Accident Insurance Company,Insurance Company,United States,A,A2
Globe Life and Accident Insurance Company,Insurance Company,United States,AA-,NR
American Income Life Insurance Company,Insurance Company,United States,BBB+,NR
Washington National Insurance Company,Insurance Company,United States,A-,A3
Family Heritage Life Insurance Company of America,Insurance Company,United States,NR,NR
"The Bank of New York Mellon as Trustee for the National Grid USA Service Company Inc., Master Trust",Corporate Pension Plan,United States,NR,NR
The City University Of New York,Endowment,United States,AA-,Aa2
FID PE and VC SEV LLC,SWF,Qatar,NR,NR
Best Investment Corporation,SWF,,NR,NR
Victorian Funds Management Corporation as trustee for VFMC Infrastructure Master Trust,SWF,Australia,NR,NR
GRSIA Holding LLC,Public Pension Plan,Qatar,NR,NR
Imera Investment Pte. Ltd.,SWF,Singapore,NR,NR
"KUMPULAN WANG PERSARAAN (DIPERBADANKAN), IN ITS CAPACITY AS THE ADMINISTRATOR AND MANAGER OF KUMPULAN WANG PERSARAAN",SWF,Malaysia,NR,NR
LGPS Central Value Add/Opportunistic Infrastructure Partnership LP (acting by LGPS Central Limited as its appointed Manager),Fund-of-Funds,UK,NR,NR
Pantai Morib Ventures Sdn. Bhd.,Other,Malaysia,NR,NR
"KF-GIP Holdings, Ltd.",Fund-of-Funds,Cayman Islands,NR,NR
Maritime Holding Limited,Corporate,,NR,NR
"Ensign Peak Advisors, Inc.",Foundation,United States,NR,NR
"State Street Trust and Banking Co., Ltd., acting solely in its capacity as trustee for trust account No. 2381099 and not in its personal capacity",Fund-of-Funds,Japan,NR,NR
"Toranomon Infrastructure 1, L.P.",Fund-of-Funds,Japan,NR,NR
Metraas Capital Holdings LLC ,Investment Company,United States,NR,NR
"Taiwan Life Insurance Co., Ltd.",Insurance Company,Taiwan,BBB+,NR
The W&W Global Income Fund ICAV - WL Alternative Investment Fund I,Fund-of-Funds,Ireland,NR,NR
Sihl Investment Foundation for Alternative Investments,Foundation,Switzerland,NR,NR
ERGO Private Capital ERGO Leben GmbH,Fund-of-Funds,Germany,NR,NR
The W&W Global Income Fund ICAV - WV Alternative Investment Fund I,Fund-of-Funds,Ireland,NR,NR
The W&W Global Income Fund ICAV - WK Alternative Investment Fund I,Fund-of-Funds,Ireland,NR,NR
Infra Investors IV LP,Fund-of-Funds,,NR,NR
NongHyup Bank as trustee of Truston Global Infra Qualified Investment Type Private Investment Trust 16,Fund-of-Funds,South Korea,NR,NR
Nonghyup Bank as the trustee of Truston Global Infra Qualified Investment Type Private Investment Trust 14 (USD),Fund-of-Funds,South Korea,NR,NR
Nonghyup Bank as the trustee of Truston Global Infra Qualified Investment Type Private Investment Trust 13 (USD),Fund-of-Funds,Japan,NR,NR
NongHyup Bank as trustee of Truston Global Infra Qualified Investment Type Private Investment Trust 17,Fund-of-Funds,Japan,NR,NR
"RANW Infrastruktur S.C.S., SICAV-RAIF – RANW Infrastruktur I",Fund-of-Funds,Luxembourg,NR,NR
NongHyup Bank as trustee of Truston Global Infra Qualified Investment Type Private Investment Trust 18,Fund-of-Funds,Japan,NR,NR
Pacific Eagle Investments Limited,Investment Company,,NR,NR
General Partner,GP,,NR,NR
"GIP V New Participation Fund Holdings, L.P.",Fund-of-Funds,,NR,NR
"AlphaKeys Global Infrastructure Partners V, L.P.",Fund-of-Funds,,NR,NR
AM FIG (Cayman) Limited,Fund-of-Funds,,NR,NR
"SFT 1 Holdings, LLC",Fund-of-Funds,,NR,NR
Clouse International SPC acting for and on behalf of its SP11,Fund-of-Funds,,NR,NR
Contrato de Fideicomiso Irrevocable CIB/3825,Other,,NR,NR
Stripe 111 Ltd.,Fund-of-Funds,,NR,NR
CREL/OAC L.L.C.,Fund-of-Funds,,NR,NR
BlackRock UK 4 LLP,Fund-of-Funds,,NR,NR
"BLK-CAPI, LP",Fund-of-Funds,,NR,NR
Government of the Province of Prince Edward Island Master Trust,SWF,,NR,NR
"The Master Trust Bank of Japan, Ltd. acting as trustee for Trust Fund No. 400031246",Other,,NR,NR
Contrato de Fideicomiso Irrevocable CIB/3831,Other,,NR,NR
Pelecanus Investments Ltd.,Investment Company,,NR,NR
Interseguro Compañía de Seguros S.A.,Insurance Company,,NR,NR
Building Service 32BJ Pension Fund,Other Pension Plan,,NR,NR
AF Investment International III Limited,Fund-of-Funds,,NR,NR
The Stephens Greth Foundation,Foundation,,NR,NR
Public Trust ATF AMP Wholesale Global Climate Fund,Fund-of-Funds,,NR,NR
The Investment Company SPC Segregated Portfolio No 1,Fund-of-Funds,,NR,NR
Migdal Insurance Company LTD.,Insurance Company,,NR,NR
4475381 Canada Inc.,Corporate,,NR,NR
York University Pension Plan,Other Pension Plan,,NR,NR
London Borough of Waltham Forest acting as the administering authority of the Waltham Forest Pension Fund,Other Pension Plan,,NR,NR
Illinois State Board of Investment,Public Pension Plan,,A-,A2
Pensionskasse Syngenta,Public Pension Plan,,NR,NR
Pension Plan for the Employees of Concordia University,Corporate Pension Plan,,NR,NR
Merit France Investissements,Family Office,,NR,NR
Genworth Life Insurance Company,Insurance Company,,BB-,B3
"The Master Trust Bank of Japan, Ltd. acting as trustee for Trust Fund No. 400039090",Other,,NR,NR
"GRI 01 SP, a segregated portfolio of GOLDEN RATIO INFRASTRUCTURE MASTER FUND SPC",Fund-of-Funds,,NR,NR
"The Master Trust Bank of Japan, Ltd. acting as trustee for Trust Fund No. 400031231",Other,,NR,NR
Partners Group Access PF 459 L.P.,Fund-of-Funds,,NR,NR
Fonds Commun de Placement des Régimes de Retraite de l'Université Laval,Endowment,,NR,NR
Medpension vsao asmac,Other Pension Plan,,NR,NR
Strategic Partners Infrastructure III Investments L.P.,Fund-of-Funds,,NR,NR
Alpha Global Alternatives SCSp SICAV-RAIF Sub-fund I,Fund-of-Funds,,NR,NR
Karrick Limited,Investment Company,,NR,NR
ERI-Lux Umbrella Fund S.A. SICAV-RAIF-ERI-Fonds Private Equity,Fund-of-Funds,,NR,NR
Supreme Island Corporation,Corporate,,NR,NR
Magellan 2526 Limited,Fund-of-Funds,,NR,NR
"Ogier Global Trustee (Cayman) Limited, acting solely in its capacity as trustee of PANTHEON GLOBAL INFRASTRUCTURE USD INVESTMENTS UNIT TRUST - CLASS B UNITS",Fund-of-Funds,,NR,NR
"New Hanover Community Endowment, Inc.",Endowment,,NR,NR
"Migdal Sal Pension - Infrastructure Assets Investments (for pension funds (each pursuant to its allocation percentage, from time to time, severally and not jointly))",Other Pension Plan,,NR,NR
White Arabian Oryx LLC,Investment Company,,NR,NR
"Rishon Ventures, LLC",Investment Company,,NR,NR
NZAM Alternative Infrastructure Fund I Master SPC,Fund-of-Funds,,NR,NR
FirstEnergy System Master Retirement Trust,Corporate Pension Plan,,NR,NR
"Custody Bank of Japan, Ltd. A/C: 15358",Other,,NR,NR
"ASF Saturn, L.P.",Fund-of-Funds,,NR,NR
Ligustica L.P.,Fund-of-Funds,,NR,NR
Brown Brothers Harriman & Co As Custodian for AFP Capital S.A. Fondo De Pensiones Tipo A 0103325,Other Pension Plan,,NR,NR
AIC Investments SP II,Fund-of-Funds,,NR,NR
Tierra NC LLC,Financial Institution,,NR,NR
Qatar Foundation Endowment LLC,Endowment,,NR,NR
ASA Fund I LLC,Fund-of-Funds,,NR,NR
Private Stars Selection II,Fund-of-Funds,,NR,NR
DALPP Series C Foreign Income Blocker LLC,Fund-of-Funds,,NR,NR
"ACP Infrastructure Income III, FCR",Fund-of-Funds,,NR,NR
"ASF Robin, L.P.",Fund-of-Funds,,NR,NR
The Governors of the University of Calgary,Endowment,,NR,NR
Milaha Capital W.L.L,Fund-of-Funds,,NR,NR
Previs Vorsorge,Other Pension Plan,,NR,NR
NB Enhanced Income Holdings II LP,Fund-of-Funds,,NR,NR
"Multibrand SICAV-SIF on behalf of its sub-fund, Multibrand SICAV-SIF- Valida Infrastructure Fund",Fund-of-Funds,,NR,NR
Gestion Thap Inc.,Investment Company,,NR,NR
Gwinnett County Board of Education's Retirement System,Public Pension Plan,,NR,NR
Dallas Fort Worth International Airport Board Retirement Trust,Other Pension Plan,,NR,NR
Infrastructure Access Portfolio-L 4 SCSp,Fund-of-Funds,,NR,NR
Global Infrastructure Performance SCSp,Fund-of-Funds,,NR,NR
Brown Brothers Harriman & Co As Custodian for AFP Capital S.A. Fondo De Pensiones Tipo B 0103333,Other Pension Plan,,NR,NR
K.I.P. Inc,Corporate,,NR,NR
Independent Life Insurance Company,Insurance Company,,NR,NR
"AltIn 2016 S.A., SICAV-FIS - Infra Equity 1",Fund-of-Funds,,NR,NR
HQT GIP V GmbH & Co. KG,Fund-of-Funds,,NR,NR
AGUR – Provident and Training Funds Management LTD,Investment Company,,NR,NR
"REPSOL II, FONDO DE PENSIONES",Corporate Pension Plan,,NR,NR
IMAGINE 2,Other,,NR,NR
"Pensions Caixa 30, Fondo de Pensiones",Other Pension Plan,,NR,NR
Global Infrastructure Partners V-C Private Investors,Fund-of-Funds,,NR,NR
"BBVA MULTIACTIVO MODERADO, F.P.",Corporate Pension Plan,,NR,NR
"The Master Trust Bank of Japan, Ltd. acting as trustee for Trust Fund No. 400076856",Other,,NR,NR
"The Master Trust Bank of Japan, Ltd. acting as trustee for Trust Fund No. 400021672",Other,,NR,NR
"Custody Bank of Japan, Ltd a/c 31653-5204",Other,,NR,NR
"Custody Bank of Japan, Ltd a/c 46765-5232",Other,,NR,NR
Global Alternatives FCP RAIF,Fund-of-Funds,,NR,NR
Wealth Management Partners N.V. on behalf of Stichting Bewaarder WMP Private Property Pool I for the risk and account of WMP Private Property Pool I FGR,Fund-of-Funds,,NR,NR
"The Master Trust Bank of Japan, Ltd. acting as trustee for Trust Fund No. 400095091",Other,,NR,NR
2018 Mozu Limited,Fund-of-Funds,,NR,NR
"Custody Bank of Japan, Ltd. A/C: 46457-5007",Other,,NR,NR
Stichting Juridisch Eigenaar VLC Infrastructure III Fund of Funds for the risk and account of the Dutch mutual fund (Fonds voor Gemene Rekening) VLC Infrastructure III Fund of Funds,Fund-of-Funds,,NR,NR
Plymouth County Retirement Association,Public Pension Plan,,NR,NR
The Anschutz Foundation,Foundation,,NR,NR
Aquiles Investments Ltd,Fund-of-Funds,,NR,NR
"Principal Bank, custodian for Principal Trust Company, as trustee FBO The Pension Plan for Insurance Organizations",Other Pension Plan,,NR,NR
"GFI ALTERNATIVES I, LP",Fund-of-Funds,,NR,NR
Milos VIII GmbH & Co. KG,Fund-of-Funds,,NR,NR
The Equitable Life Insurance Company of Canada,Insurance Company,,NR,NR
CompanyH II PTE. LTD.,Investment Company,,NR,NR
2024 Azalea Limited,Fund-of-Funds,,NR,NR
MG Partners Multi-Strategy Fund II LP,Fund-of-Funds,,NR,NR
Intro Investments Holding Ltd.,Investment Company,,NR,NR
The Fink Family Foundation,Foundation,,NR,NR
AGBC LP,Family Office,,NR,NR
Helaba Invest Kapitalanlagegesellschaft mbH acting for the account of HI-P-EZVK-Fonds Segment HI-P-Infrastruktur-Sfonds,Fund-of-Funds,,NR,NR
"Beacon Health System, Inc.",Foundation,,NR,NR
"MIGDAL SAL EDUCATIONAL AND PROVIDENT FUNDS -INFRASTRUCTURE ASSETS INVESTMENTS (for Educational and Provident Funds (each pursuant to its allocation percentage, from time to time, severally and not jointly))",Fund-of-Funds,,NR,NR
Pearl Plaza Holdings LTD,Fund-of-Funds,,NR,NR
32BJ North Pension Fund,Other Pension Plan,,NR,NR
"ABOVE ALL ELSE II, LLC",Other,,NR,NR
Pantheon L Global Infrastructure SMA LP – Tranche 1,Fund-of-Funds,,NR,NR
The Overbrook Foundation,Foundation,,NR,NR
"Migdal Insurance Company LTD, (Proprietary)",Insurance Company,,NR,NR
The Myer Family Investments Limited,Family Office,,NR,NR
Internationale Kapitalanlagegesellschaft mbH acting for the account of SDK AI UMAA,Fund-of-Funds,,NR,NR
Greater Rochester Health Foundation,Foundation,,NR,NR
"UNCG Endowment Partners, LP",Endowment,,NR,NR
Turks and Caicos Islands National Insurance Board,SWF,,NR,NR
Guidestone Financial Resources of the Southern Baptist Convention (FBO Fixed Benefit Fund),Other Pension Plan,,NR,NR
Gilad Pension for Religious Employees Ltd. in trust for the benefit of Gilad Pension for Religious Employees,Other Pension Plan,,NR,NR
Blue Marine Energía SA de CV,Fund-of-Funds,,NR,NR
"BBVA MULTIACTIVO CONSERVADOR, F.P.",Corporate Pension Plan,,NR,NR
Tilad Funds Investment Limited - VI AMK,Fund-of-Funds,,NR,NR
VidaCaixa SAU de Seguros y Reaseguros (with respect to UL Inversión Flexible Gestionada),Fund-of-Funds,,NR,NR
HQ Trust Investment SICAV-SIF - Librarius,Fund-of-Funds,,NR,NR
C Famen,Fund-of-Funds,,NR,NR
"CAM Infrastructure Strategies, SCS SICAV-RAIF - Global Infrastructure Fund II",Fund-of-Funds,,NR,NR
PES Goose Creek Offshore Holdings LP,Fund-of-Funds,,NR,NR
Protecta S.A Compañía de Seguros,Insurance Company,,NR,NR
"Custody Bank of Japan, Ltd a/c 10608-0001",Other,,NR,NR
Armene 2,Fund-of-Funds,,NR,NR
MPT Funds SPC Ltd. - USD Segregated Portfolio,Fund-of-Funds,,NR,NR
HARBOURVEST RA4 HOLDINGS L.P.,Fund-of-Funds,,NR,NR
"ASF Capri, L.P.",Fund-of-Funds,,NR,NR
"LCP X Holdings, L.P.",Fund-of-Funds,,NR,NR
The Hebrew University of Jerusalem,Endowment,,NR,NR
Butterfly,Other,,NR,NR
ELEVATE PLUS LLC,Financial Institution,,NR,NR
"WebInv, LLC",Other,,NR,NR
Micro Inversiones S.A.S.,Other,,NR,NR
VENTURESKG LLC,Other,,NR,NR
Spectrum Growth Fund - a sub-fund of Spectrum Alternative Assets SICAV,Fund-of-Funds,,NR,NR
Helitrope Holding LLC,Investment Company,,NR,NR
Polaris Fly Ltd.,Other,,NR,NR
LB Aerospace Limited (I),Other,,NR,NR
GZFO Invest GmbH & Co. KG,Fund-of-Funds,,NR,NR
"C-SPEF Investments 4, LLC",Fund-of-Funds,,NR,NR
Camellia Investments Limited,Investment Company,,NR,NR
Maia Master Fund L.P. - Series 2,Fund-of-Funds,,NR,NR
Mirage Falcon Ltd.,Other,,NR,NR
PES Goose Creek Onshore Holdings LLC,Fund-of-Funds,,NR,NR
Trust Advisors LLC,Investment Company,,NR,NR
Octopolis,Other,,NR,NR
"Tuiga Capital SCR, S.A.",Fund-of-Funds,,NR,NR
"Sogai Capital SCR, S.A.",Fund-of-Funds,,NR,NR
ARKILIA,Fund-of-Funds,,NR,NR
"SIMRELVEST FLAGSHIP SCR, S.A.",Fund-of-Funds,,NR,NR
"Tubus, LLC",Other,,NR,NR
The BlackRock Charitable Foundation,Foundation,,NR,NR
Fidelity Investments Charitable Gift Fund - FBO 1055981,Fund-of-Funds,,NR,NR
River Blue Limited,Other,,NR,NR
JAKE86 LLC,Other,,NR,NR
Santalucía Inversiones Alternativas FCR,Fund-of-Funds,,NR,NR
Helaba Invest Kapitalanlagegesellschaft mbH acting for the account of HI-S-EZVK-Fonds Segment HI-S-Infrastruktur-Sfonds,Fund-of-Funds,,NR,NR
The Educational Employees’ Supplementary Retirement System of Fairfax County,Public Pension Plan,,AAA,Aaa
"BBVA FONDO DE EMPLEO CONSERVADOR, F.P.",Corporate Pension Plan,,NR,NR
"BBVA FONDO DE EMPLEO DECIDIDO, F.P.",Corporate Pension Plan,,NR,NR
New York State Teamsters Conference Pension and Retirement Fund,Other Pension Plan,,NR,NR
Argo Investment,Fund-of-Funds,,NR,NR
"Word of God Fellowship, Inc.",Foundation,,NR,NR
Kibbutz Shamir,Other Pension Plan,,NR,NR
Cosmos Wide Holdings Limited,Fund-of-Funds,,NR,NR
PHICHARMAX,Fund-of-Funds,,NR,NR
Magri Holdings Inc.,Investment Company,,NR,NR
Finesterre Limited Partnership,Investment Company,,NR,NR
Bugambilia LLC,Corporate,,NR,NR
Laurel Holdings,Investment Company,,NR,NR
Indigo Holdings,Investment Company,,NR,NR
Tremplant Finance Ltd.,Investment Company,,NR,NR
"Goodyear Investment Company, LLC",Investment Company,,NR,NR
"BBVA INDIVIDUAL, F.P.",Corporate Pension Plan,,NR,NR
"Partners Group - FPP Plan, L.P.",Corporate Pension Plan,,NR,NR
"Partners Group NTCA Plan NE, L.P.",Fund-of-Funds,,NR,NR
Fondo Sabbi Global Opportunities Fund - Fondo de Inversion.,Fund-of-Funds,,NR,NR
Silver Partners Group Private Markets,Fund-of-Funds,,NR,NR
"Exea Capital SCR, S.A.U.",Fund-of-Funds,,NR,NR
"Foundation of the State University of New York at Binghamton, Inc.",Foundation,,NR,NR
Vivir Seguros Compañía de Seguros de Vida S.A.,Insurance Company,,NR,NR
KBN Group Holding,Fund-of-Funds,,NR,NR
"BBVA MULTIACTIVO DECIDIDO, F.P.",Corporate Pension Plan,,NR,NR
Invexment Corporation,Corporate,,NR,NR
Tilad Funds Investment Limited - II F,Fund-of-Funds,,NR,NR
"GLASfunds, LP",Fund-of-Funds,,NR,NR
CPEG-Pantheon Infrastructure L.P.,Fund-of-Funds,,NR,NR
"BRIDGESTONE HISPANIA PENSION, F.P.",Corporate Pension Plan,,NR,NR
"FONDO DE PENSIONES DE LA ADMINISTRACION GENERAL DEL ESTADO, F.P.",Public Pension Plan,,NR,NR
"ACP Multiactivo I, FCR",Fund-of-Funds,,NR,NR
"Sheet Metal Workers’ Local Union No. 100 Washington, D.C. Area Pension Fund",Other Pension Plan,,NR,NR
Orso Bianco Limited,Fund-of-Funds,,NR,NR
Upper Canada College Foundation,Foundation,,NR,NR
The Nature Conservancy of Canada,Foundation,,NR,NR
OSK Equity Holdings Sdn. Bhd.,Fund-of-Funds,,NR,NR
KG Investment Holdings Limited,Fund-of-Funds,,NR,NR
RD Administradora de Capitales SAPI DE CV,Fund-of-Funds,,NR,NR
Durandco Canada Holding Inc,Fund-of-Funds,,NR,NR
OCTOGONE,Corporate,,NR,NR
Far Niente International Ltd,Other,,NR,NR
NORPENSION EPSV INDIVIDUAL (NORPENSION II PLAN DE PREVISION SOCIAL),Other Pension Plan,,NR,NR
"Pantheon Access Primary Program, L.P. – Series 289",Fund-of-Funds,,NR,NR
Niebra International Ltd.,Fund-of-Funds,,NR,NR
"BBVA 30, FONDO DE PENSIONES",Corporate Pension Plan,,NR,NR
"ACP Multiactivo II, FCR",Fund-of-Funds,,NR,NR
"Schuls SCR, S.A",Fund-of-Funds,,NR,NR
TIB CAS LLC,Fund-of-Funds,,NR,NR
Zafire Investments Limited,Fund-of-Funds,,NR,NR
"PETRONOR PENSIONS, F.P.",Corporate Pension Plan,,NR,NR
Cyrmont AG,Family Office,,NR,NR
"NUCLEAR ASCO-VANDELLOS II, FONDO DE PENSIONES",Corporate Pension Plan,,NR,NR
"Proteus Real Assets Non-Core Fund I, LLC",Fund-of-Funds,,NR,NR
"BBVA EMPLEO TREINTA Y OCHO, F.P.",Corporate Pension Plan,,NR,NR
Michigan Laborers' Pension Fund,Other Pension Plan,,AA+,Aa1
Ledge Harbor LLC,Family Office,,NR,NR
"NORPENSION EPSV INDIVIDUAL (NORPENSION EQUILIBRADO, PPS)",Other Pension Plan,,NR,NR
AEK WIEN SIF,Fund-of-Funds,,NR,NR
HLB Private Wealth Nominees (Wollongong) Pty Ltd ATF Global Infrastructure Partners V,Fund-of-Funds,,NR,NR
Indianapolis Enterprises Ltd,Fund-of-Funds,,NR,NR
"Hispavima Capital Privado S.C.R., S.A.",Fund-of-Funds,,NR,NR
Fondo de Capital Privado Plentia Inversiones - Compartimento III Raiz,Fund-of-Funds,,NR,NR
"VP Fund Investments X, LLC",Fund-of-Funds,,NR,NR
NK Sunset Investments Ltd.,Fund-of-Funds,,NR,NR
Shrewsbury Investment Holding Ltd.,Fund-of-Funds,,NR,NR
Leilani Union S.à.r.l S.P.F.,Fund-of-Funds,,NR,NR
Guidestone Financial Resources of the Southern Baptist Convention (FBO Mission: Dignity),Other Pension Plan,,NR,NR
The Southern Baptist Theological Seminary,Foundation,,NR,NR
K Love Investments LLC,Fund-of-Funds,,NR,NR
Dor Family LLC,Family Office,,NR,NR
Havrei Kibbuts Sasa Keren Miluim,Other Pension Plan,,NR,NR
Euro Grand Corp.,Corporate,,NR,NR
"Promotora Social Mexico, A.C.",Fund-of-Funds,,NR,NR
Genesis Holding Venture Ltd.,Fund-of-Funds,,NR,NR
"Vadanradak Holdings, LLC",Fund-of-Funds,,NR,NR
"Beacon Health Foundation, Inc.",Corporate,,NR,NR
Guill Family Foundation,Foundation,,NR,NR
"GLASfunds SPC acting on behalf of GLASfunds SPC - Global Infrastructure Partners V-C, L.P.",Fund-of-Funds,,NR,NR
"VP Fund Investments XI, LLC",Fund-of-Funds,,NR,NR
"NORPENSION EPSV INDIVIDUAL (NORPENSION DINAMICO, PPS)",Other Pension Plan,,NR,NR
Helaba Invest Kapitalanlagegesellschaft mbH acting for the account of HI-P-EZVK-B-Fonds Segment HI-P-B-Infrastruktur-Sfonds,Fund-of-Funds,,NR,NR
"ENAGAS, F.P.",Corporate Pension Plan,,NR,NR
"BBVA 40, FONDO DE PENSIONES",Corporate Pension Plan,,NR,NR
"BBVA DIECISIETE, F.P.",Corporate Pension Plan,,NR,NR
"NORPENSION EPSV INDIVDIUAL (NORPENSION PRUDENTE, PPS)",Other Pension Plan,,NR,NR
Inversiones Internacionales Ansol Limitada,Fund-of-Funds,,NR,NR
Wefina Holding AG,Fund-of-Funds,,NR,NR
"Fons de pensions de l’àmbit de la Generalitat de Catalunya, Fondo de Pensiones",Fund-of-Funds,,NR,NR
"Z4 Investments, LLC",Fund-of-Funds,,NR,NR
"Howard Cottage Investments, L.P.",Fund-of-Funds,,NR,NR
Helaba Invest Kapitalanlagegesellschaft mbH acting for the account of HI-S-EZVK-B-Fonds Segment HI-S-B-Infrastruktur-Sfonds,Fund-of-Funds,,NR,NR
Helaba Invest Kapitalanlagegesellschaft mbH acting for the account of HI-F-EZVK-Fonds Segment HI-F-Infrastruktur-Sfonds,Fund-of-Funds,,NR,NR
"BBVA EMPLEO TREINTA Y CINCO, F.P.",Corporate Pension Plan,,NR,NR
"BBVA 50, FONDO DE PENSIONES",Corporate Pension Plan,,NR,NR
DLM Investissements SA,Investment Company,,NR,NR
"Pensions Caixa 2, Fondo de Pensiones",Other Pension Plan,,NR,NR
"VP Fund Investments XI (QP), LLC",Fund-of-Funds,,NR,NR
"EMPLEADOS DE AENA, F.P.",Corporate Pension Plan,,NR,NR
Newportcapital IB S.A.P.I. de C.V.,Fund-of-Funds,,NR,NR
Vintage VIII Employee Foreign Income Blocker LLC,Fund-of-Funds,,NR,NR
Vintage VIII Employee Offshore Investments Ltd,Fund-of-Funds,,NR,NR
KKR Associates Global Climate SCSp,Fund-of-Funds,Luxembourg,NR,NR
"CriteriaCaixa, S.A.",Financial Institution,Spain,NR,Baa1
EOP23 Partnership,Fund-of-Funds,,NR,NR
H.E.S.T. Australia Ltd. as trustee for HESTA,Public Pension Plan,Australia,NR,NR
"Bilbao Vizcaya Investments, S.A.U.",Financial Institution,,NR,NR
KKR Milton Real Assets Strategic Partners L.P.,SWF,,NR,NR
Eight Finance Investment Company Limited,SWF,,NR,NR
ACM Capital,Fund-of-Funds,,NR,NR
IAPP CANADA INC.,Fund-of-Funds,,NR,NR
SCOR SE - P&C SEGMENT,Fund-of-Funds,,NR,NR
KKR Lion Financing L.P.,Fund-of-Funds,,NR,NR
US MID-CAP LMO 2024 S.L.P,Fund-of-Funds,,NR,NR
"Industrial Alliance Insurance and Financial Services Inc., for the account of the Supplemental Pension Plan for Salaried Employees of Industrial Alliance Insurance and Financial Services Inc.",Other Pension Plan,,AA-,NR
MLC Investments Limited as trustee for the WM Pool - Equities Trust,Fund-of-Funds,,NR,NR
Stapleford Investment Pte. Ltd.,Investment Company,,NR,NR
Stapleford Investment Pte. Ltd.,SWF,Singapore,NR,NR
KKR-NYC Strategic Partnership (TRS-M) L.P.,Fund-of-Funds,United States,NR,NR
Lunate Fund of Funds I LP (on behalf of the A Commitment),Fund-of-Funds,United Arab Emirates,NR,NR
"Alaska Permanent Fund Corporation (APFC), acting for and on behalf of the funds over which the APFC is designated by Alaska Statutes Chapter 37.13 to manage and invest",Public Pension Plan,United States,AA,Aa2
KEB Hana Bank as Trustee for PineStreet KKR Global Infrastructure Private Placement Special Asset Investment Trust No.1,Fund-of-Funds,South Korea,NR,NR
United Super Pty Ltd ABN 46 006 261 623 as trustee of the Construction and Building Unions Superannuation Fund ABN 75 493 363 262,Other Pension Plan,Australia,NR,NR
KKR-NYC Strategic Partnership (NYCERS-M) L.P.,Fund-of-Funds,United States,NR,NR
Employees Provident Fund Board- Shariah account,SWF,Malaysia,NR,NR
KKR-NYC Strategic Partnership (Police-M) L.P.,Fund-of-Funds,United States,NR,NR
"ARH Holdings, LLC",Fund-of-Funds,United States,NR,NR
Manulife (International) Limited,Insurance Company,Hong Kong,AA-,NR
GLOBAL PROPERTY PORTFOLIO FUND - INFRASTRUCTURE FUND EUR III duly represented by Japan Fund Management (Luxembourg) S.A.,Fund-of-Funds,Luxembourg,NR,NR
KKR-NYC Strategic Partnership (Fire-M) L.P.,Fund-of-Funds,United States,NR,NR
14333225 Canada Inc.,Corporate,Canada,NR,NR
Régimes PP Amériques Inc.,Fund-of-Funds,Canada,NR,NR
Groupama Infrastructure Invest SAS,Fund-of-Funds,France,NR,NR
Lunate Fund of Funds I LP (on behalf of the B Commitment),Fund-of-Funds,United Arab Emirates,NR,NR
GCM WPP Global Infrastructure LP (2023-1 Investment Series),Fund-of-Funds,United States,NR,NR
KEB Hana Bank as Trustee for PineStreet KKR Global Infrastructure Private Placement Special Asset Investment Trust No.1-2,Fund-of-Funds,South Korea,NR,NR
Continental Casualty Company,Insurance Company,United States,A+,A2
"KF-KR II GBL Holdings, Ltd.",Fund-of-Funds,Cayman Islands,NR,NR
LCC Family Corp.,Corporate,United States,NR,NR
IAPP Canada Inc.,Corporate,Canada,NR,NR
SEG Family Corp.,Corporate,United States,NR,NR
CAA Infrastructure Fund 2024,Fund-of-Funds,France,NR,NR
"Juniversitas Infrastructure Equity Core Fund P (USD), LP",Fund-of-Funds,Cayman Islands,NR,NR
BARCAP Investments Inc.,Fund-of-Funds,United States,NR,NR
NB Initium Infrastructure II (USD) Holdings LP,Fund-of-Funds,United States,NR,NR
Migdal Sal Pension Infrastructure Assets Investments,Other Pension Plan,Israel,NR,NR
Clearstream Banking S.A. AFS CBNY as Custodian for AFP Cuprum S.A. acting for Fondo de Pensiones Tipo C,Other Pension Plan,Chile,NR,NR
"ASGA Infra Master, L.P.",Fund-of-Funds,Luxembourg,NR,NR
Global Infrastructure Solutions 5 Feeder (Balanced Invest) SCSp,Fund-of-Funds,Luxembourg,NR,NR
VB Erneuerbare Energien und Infrastruktur-L SCSp represented by its Manager Palladio (Luxembourg) S.à r.l.),Fund-of-Funds,Luxembourg,NR,NR
"Fire and Police Pension Fund, San Antonio",Public Pension Plan,United States,AAA,Aa2
Partners Group Access PF 668 L.P.,Fund-of-Funds,UK,NR,NR
Bordier & Cie SCmA,Financial Institution,Switzerland,NR,NR
Clearstream Banking S.A. AFS CBNY as Custodian for AFP Cuprum S.A. acting for Fondo de Pensiones Tipo A,Other Pension Plan,Chile,NR,NR
Infrastructure Access Portfolio-L 4 SCSp represented by its Manager Palladio (Luxembourg) S.à r.l.,Fund-of-Funds,Luxembourg,NR,NR
HQT K Infra V GmbH & Co. geschlossene Investment KG,Fund-of-Funds,Germany,NR,NR
Brown Brothers Harriman & Co as custodian for AFP Modelo S.A. Fondo De Pensiones Tipo B 5200365,Other Pension Plan,Chile,NR,NR
"Brown Investment Management, LP",Fund-of-Funds,United States,NR,NR
Independent Life Insurance Company,Insurance Company,United States,NR,NR
"KKR Insurance Dedicated Fund II Series Interests of the SALI Multi-Series Fund, L.P.",Fund-of-Funds,United States,NR,NR
"KKR Insurance Dedicated Fund Series Interests of the SALI Multi-Series Fund, L.P.",Fund-of-Funds,United States,NR,NR
"AltIn 2016 S.A., SICAV-FIS - Infra Equity 1",Fund-of-Funds,Luxembourg,NR,NR
Municipal Employees' Pension Commission as Trustee of the Municipal Employees' Pension Fund,Public Pension Plan,Canada,NR,NR
Merit France,Family Office,France,NR,NR
IMAGINE,Other,,NR,NR
Allianz ELTIF Umbrella SCA SICAV - Allianz Global Infrastructure ELTIF,Fund-of-Funds,Luxembourg,NR,NR
Butterfly,Fund-of-Funds,,NR,NR
"ASF Capri, L.P.",Fund-of-Funds,United States,NR,NR
"GCM Grosvenor AOI Fund, Ltd. (2022 Class)",Fund-of-Funds,Cayman Islands,NR,NR
"The Salvation Army, A Georgia Corporation",Foundation,United States,NR,NR
"Titan Infraestructuras II, FCR",Fund-of-Funds,Spain,NR,NR
Brown Brothers Harriman & Co as custodian for AFP Modelo S.A. Fondo De Pensiones Tipo C 5200373,Other Pension Plan,Chile,NR,NR
Clearstream Banking S.A. AFS CBNY as Custodian for AFP Cuprum S.A. acting for Fondo de Pensiones Tipo B,Other Pension Plan,Chile,NR,NR
"Suomen itsenaisyyden juhlarahasto (Sitra, The Finnish Innovation Fund)",Endowment,Finland,NR,NR
Merced County Employees' Retirement Association,Public Pension Plan,United States,A+,A1
Access Capital Fund Infrastructure III SCS-RAIF,Fund-of-Funds,Luxembourg,NR,NR
"KKR Insurance Dedicated Fund III Series Interests of the SALI Multi-Series Fund, L.P.",Fund-of-Funds,United States,NR,NR
Internationale Kapitalanlagegesellschaft mbH acting for the account of SDK AI UMAA,Other,Germany,NR,NR
"GenF Markets Fund S.C.Sp., SICAV-RAIF, represented by its AIFM Universal-Investment-Luxembourg S.A.",Fund-of-Funds,Luxembourg,NR,NR
Brown Brothers Harriman & Co as custodian for AFP Modelo S.A. Fondo De Pensiones Tipo A 5200357,Other Pension Plan,Chile,NR,NR
Allianz Private Markets SCSp SICAV-RAIF - Kennedy I,Fund-of-Funds,Luxembourg,NR,NR
Amundi Infrastructure Diversified Fund I,Fund-of-Funds,France,NR,NR
Dagmar Westberg Stiftung,Foundation,Germany,NR,NR
HQ Trust Investment SICAV-SIF - Librarius represented by its AIFM Universal-Investment-Luxembourg S.A.,Fund-of-Funds,Luxembourg,NR,NR
Migdal Sal Educational and Provident Funds - Infrastructure Assets Investments,Other Pension Plan,Israel,NR,NR
"Beta Private Investments Fund, LP",Fund-of-Funds,,NR,NR
Bin Hamoodah Limited LLC,Investment Company,United Arab Emirates,NR,NR
Brown Brothers Harriman & Co as custodian for AFP Modelo S.A. Fondo De Pensiones Tipo E 5200399,Other Pension Plan,Chile,NR,NR
Chartwell Industries Limited,Corporate,UK,NR,NR
"GCM Grosvenor - Osool Investments, L.P. (2024-1 Investment Series)",Fund-of-Funds,Cayman Islands,NR,NR
"SJ Opportunity Fund, LLC",Fund-of-Funds,United States,NR,NR
Strategic Partners Infrastructure III Investments L.P.,Fund-of-Funds,United States,NR,NR
The Principia Corporation,Endowment,United States,NR,NR
Allianz Global Real Assets and Private Markets Fund S.A. SICAV-RAIF - Allianz Global Infrastructure,Fund-of-Funds,Luxembourg,NR,NR
Genworth Life and Annuity Insurance Company,Insurance Company,United States,NR,B3
"SIMRELVEST FLAGSHIP SCR, S.A.",Fund-of-Funds,Spain,NR,NR
Wise Investment LLC,Investment Company,UK,NR,NR
"TCP Investments, LLC",Investment Company,United States,NR,NR
Allianz Private Markets SCSp SICAV-RAIF - Sirius,Fund-of-Funds,Luxembourg,AA,Aa2
"Soliss, Mutua De Seguros",Insurance Company,Spain,NR,NR
PEV Offshore Holdings 2030 LP,Fund-of-Funds,Cayman Islands,NR,NR
Jag Oil Limited Partnership,Fund-of-Funds,United States,NR,NR
"Kinsey G3 Investments, LLC",Investment Company,United States,NR,NR
"Pantheon Access Primary Program, L.P. - Series 345",Fund-of-Funds,United States,NR,NR
Brown Brothers Harriman & Co as custodian for AFP Modelo S.A. Fondo De Pensiones Tipo D 5200381,Other Pension Plan,Chile,NR,NR
"IVIZA CAPITAL S.C.R., S.A.U.",Fund-of-Funds,Spain,NR,NR
"Santalucia Inversiones Alternativas, FCR",Fund-of-Funds,Spain,NR,NR
Dads Lifework LP,Fund-of-Funds,,NR,NR
"Industrial Alliance Insurance and Financial Services Inc., for the account of the Supplemental Pension Plan for Salaried Employees of Industrial Alliance Insurance and Financial Services Inc.",Other Pension Plan,Canada,AA-,NR
Po Fung Canada International (HK) Development Company Limited,Fund-of-Funds,Hong Kong,NR,NR
PEV Onshore Holdings 2042 LLC,Fund-of-Funds,United States,NR,NR
"Titan Inversiones en Infraestructuras II, SCR, S.A.",Fund-of-Funds,Spain,NR,NR
"Hispavima capital privado S.C.R., S.A.",Fund-of-Funds,Spain,NR,NR
"Jumi Invest, S.C.R., S.A.",Fund-of-Funds,Spain,NR,NR
"AS IS INVESTMENTS, L.L.C.",Fund-of-Funds,United States,NR,NR
AWF Fletcher & Daughters LLP,Fund-of-Funds,UK,NR,NR
Conexxion Investment LLC,Fund-of-Funds,United States,NR,NR
Nimax-BR Ltd.,Investment Company,Brazil,NR,NR
"Partners Group Next Generation Infrastructure, LLC",Fund-of-Funds,United States,NR,NR
"Fons de Pensions de L´ambit de la Generalitat de Catalunya, Fondo de Pensiones",Other Pension Plan,Spain,NR,NR
"Sanofi-Aventis Pensiones, Fondo de Pensiones",Other Pension Plan,Spain,NR,NR
"Fondo de Pensiones Naturgy, Fondo de Pensiones",Other Pension Plan,Spain,NR,NR
"Pensions Caixa 58, Fondo de Pensiones",Other Pension Plan,Spain,NR,NR
Inarcassa – Cassa Nazionale di Previdenza ed Assistenza per gli Ingegneri ed Architetti Liberi Professionisti,Fund-of-Funds,Italy,NR,NR
"Juniversitas Infrastructure Core Fund B (USD), L.P.",Fund-of-Funds,Luxembourg,NR,NR
"KGI Life Insurance Co., Ltd.",Insurance Company,Taiwan,NR,NR
"RABW S.C.S., SICAV-RAIF – TF IV",Fund-of-Funds,Luxembourg,NR,NR
"New York Life Insurance and Annuity Corporation by NYL Investors LLC, its investment manager",Insurance Company,United States,NR,NR
Appia IV Holding SCSp,Fund-of-Funds,Luxembourg,NR,NR
SegurCaixa Adeslas S.A. de Seguros y Reaseguros,Insurance Company,Spain,NR,NR
"CRESCENTA PRIVATE EQUITY REAL ASSETS TOP PERFORMERS I, FCR",Fund-of-Funds,Spain,NR,NR
EMUN Global Private Infrastructure otevrený podílový fond,Fund-of-Funds,Czech Republic,NR,NR
CAM Infrastructure Strategies S.C.S. SICAV-RAIF - Global Infrastructure Fund II,Fund-of-Funds,Luxembourg,NR,NR
Rothschild and Co Bank AG acting as nominee on behalf of its clients,Fund-of-Funds,Switzerland,NR,NR
"Aracorp Capital S.C.R., S.A.U.",Fund-of-Funds,Spain,NR,NR
"AM Gestió venture capital S.C.R., S.A.",Fund-of-Funds,Spain,NR,NR
"BINICAP SCR, S.A.U.",Fund-of-Funds,Spain,NR,NR
Augustana University Association,Fund-of-Funds,United States,NR,NR
KKR Associates Infrastructure V SCSp,Fund-of-Funds,,NR,NR
California Public Employees' Retirement System,Public Pension Plan,,AA-,Aa2
State of Michigan Retirement System,Public Pension Plan,,AA,Aa2
Panda Financing L.P.,Fund-of-Funds,,NR,NR
"State Street Trust and Banking Co., Ltd., acting solely in its capacity as trustee for trust account No. 2381106 and not in its personal capacity",Fund-of-Funds,,NR,NR
Precision Insight Limited,Investment Company,,NR,NR
"Katayama Holdings Co., Ltd.",Corporate,,NR,NR
"TransCanada Registered Pension Plan, by Its Administrator, TransCanada PipeLines Limited",Other Pension Plan,,NR,NR
Söfnunarsjóður lífeyrisréttinda,Other Pension Plan,,NR,NR
Chubb Tempest Reinsurance Ltd.,Insurance Company,,NR,NR
Chubb Life Insurance Hong Kong Limited,Insurance Company,,NR,NR
"Klimcap Capital SCR, S.A.",Other,,NR,NR
"CIBANCO, S.A, INSTITUCIÓN DE BANCA MÚLTIPLE, AS TRUSTEE OF THE IRREVOCABLE TRUST AGREEMENT NUMBER CIB/3162",Other,,NR,NR
Morgan Stanley Smith Barney LLC,HNW Platform,United States,NR,NR
Citi Private Advisory LLC,HNW Platform,United States,NR,NR
KKR Thunderbird,HNW Platform,United States,NR,NR
KKR-Milton Strategic Partners L.P.,SWF,China,NR,NR
KKR Next Generation Technology Growth Fund III Private Investors (A) L.P.,Fund-of-Funds,United States,NR,NR
"iCapital-KKR NGT III (International) Access Fund, L.P.",Fund-of-Funds,United States,NR,NR
CPS Managers Master Fund L.P.,Fund-of-Funds,United States,NR,NR
CPS Managers Fund (US) L.P.,Fund-of-Funds,United States,NR,NR
1411061 B.C. Ltd.,Other,Canada,NR,NR
"KKR CPS Insurance Dedicated Fund Series Interests of the SALI Multi-Series Fund, L.P.",Fund-of-Funds,United States,NR,NR
Moonfare Feeder A58 S.C.Sp.,Fund-of-Funds,Luxembourg,NR,NR
General Authority for AWQAF,Endowment,United Arab Emirates,NR,NR
K-Trust C LP,Fund-of-Funds,United States,NR,NR
Pengli Global Limited,Investment Company,United States,NR,NR
"CPC Tech Growth Fund III, LP",Fund-of-Funds,United States,NR,NR
KKR Lion Financing L.P.,Fund-of-Funds,United States,NR,NR
Industrial Alliance Insurance and Financial Services Inc.,Insurance Company,Canada,AA-,NR
KERMADEC SA,Other Pension Plan,Luxembourg,NR,NR
KKR PIP Investments L.P.,Fund-of-Funds,United States,NR,NR
Partners Group Access PF 5003 Phoenix PS (UK) L.P.,Fund-of-Funds,UK,NR,NR
KKR Next Generation Technology Growth Fund III Private Investors L.P.,Fund-of-Funds,United States,NR,NR
"Daishin Securities Co., Ltd",Investment Company,South Korea,NR,NR
"Randolph Street Ventures, L.P. - 2021-246",Investment Company,United States,NR,NR
BALTISSE NV,Investment Company,Belgium,NR,NR
Lunova S.A.,Investment Company,United States,NR,NR
MESO Fonds S.A. RAIF,Fund-of-Funds,Luxembourg,NR,NR
Muscatime International Inc.,Investment Company,Panama,NR,NR
NHL Holdings Ltd,Corporate,UK,NR,NR
Precision Insight Limited,Investment Company,UK,NR,NR
QFB Sharia-Compliant Global Private Equity Fund of Funds,Fund-of-Funds,Qatar,NR,NR
QFB Sharia-Compliant Global Private Equity Fund of Funds 2,Fund-of-Funds,Qatar,NR,NR
Summer Hill Equities Limited Partnership,Investment Company,United States,NR,NR
The Northwestern Mutual Life Insurance Company,Insurance Company,United States,AA+,Aaa
CPS Managers Fund (Lux) SCSp,Fund-of-Funds,Luxembourg,NR,NR
KKR Associates NGT III SCSp,GP,Luxembourg,A,NR
Zamlo Investments LP,Investment Company,UK,NR,NR
CAM Select Access KKR NGT III LLC,Fund-of-Funds,United States,NR,NR
Damier N.V.,Investment Company,Belgium,NR,NR
"BV Portfolio, LLC",Investment Company,United States,NR,NR
Evergrow Asia Limited,Investment Company,UK,NR,NR
Hesta Invest AG,Investment Company,Sweden,NR,NR
MCN Holdings LLC,Investment Company,United States,NR,NR
Moonfare Global Portfolio LP,Investment Company,Luxembourg,NR,NR
SP Sculpin Acquisitions L.P.,Investment Company,UK,NR,NR
"506 KKR FOF, LLC",Fund-of-Funds,United States,NR,NR
Blair Academy,Foundation,United States,NR,NR
Industrial Alliance Insurance and Financial Services Inc. for the account of the Supplemental Pension Plan for Salaried Employees of Industrial Alliance Insurance and Financial Services Inc.,Other Pension Plan,Canada,AA-,NR
"N.S.M., L.L.C.",Investment Company,United States,NR,NR
ADDX Pte. Ltd. (in its capacity of new base assets trustee of Promethius-12 Pte. Ltd.),Investment Company,Singapore,NR,NR
Banyan Square Fund Partners LLC,Investment Company,United States,NR,NR
Carnegie Institute,Foundation,United States,NR,NR
"Industrial Alliance Investment Management Inc., acting on behalf of FC145 Private Equity Fund",Fund-of-Funds,Canada,NR,NR
KSL Generational Fund. Ltd.,Fund-of-Funds,UK,NR,NR
Proten Trading Ltd.,Investment Company,UK,NR,NR
"WS Investment Company, LLC (22A)",Investment Company,United States,NR,NR
Hobart Family Investments LLC,Family Office,United States,NR,NR
3076084 Canada Ltd.,Other,Canada,NR,NR
"ALAT - KKR NGT Growth Fund III, LLC",Fund-of-Funds,Cayman Islands,NR,NR
Business Integration Limited,Investment Company,UK,NR,NR
Echo Helicopters Inc.,Investment Company,UK,NR,NR
FAW International Investments Limited,Investment Company,Jersey,NR,NR
JKM Holding Limited,Investment Company,UK,NR,NR
Kefin Investments Ltd.,Investment Company,UK,NR,NR
MAS Properties Holdings Inc.,Investment Company,United States,NR,NR
Nelke Partnership,Other,UK,NR,NR
RJ Seventh I Limited,Investment Company,Jersey,NR,NR
Brú Venture Capital ehf,Investment Company,Iceland,NR,NR
"ASIS Investments, LLC",Investment Company,United States,NR,NR
"Empower Investments, LLC",Investment Company,United States,NR,NR
"Lieberman VCOF II Inv, LLC",Investment Company,United States,NR,NR
"Utica Overseas, Inc.",Investment Company,United States,NR,NR
284491 B.C. LTD,Other,,NR,NR
Alma College,Endowment,United States,NR,NR
ARBAH INVESTMENT LLC,Investment Company,United Arab Emirates,NR,NR
Arrowhead Corp,Corporate,United States,NR,NR
Artus Real GmbH,Investment Company,Germany,NR,NR
Encore Assets Limited,Investment Company,UK,NR,NR
Eurobech LLC,Investment Company,United States,NR,NR
Man Ting Fung Corporation Ltd.,Corporate,United States,NR,NR
Obenque Limited,Investment Company,UK,NR,NR
Orange & Blue S.à r.l.SPF,Investment Company,Luxembourg,NR,NR
Runyon Place Partners II LLC,Investment Company,United States,NR,NR
"Sumter Investments, LLC",Investment Company,United States,NR,NR
"VP Fund Investments X, LLC",Investment Company,United States,NR,NR
"CPT II, LLC",Investment Company,United States,NR,NR
Fonia Cabang Limited,Investment Company,,NR,NR
California State Teachers' Retirement Plan,Public Pension Plan,United States,AA-,Aa3
John Hancock Life Insurance Company of New York,Insurance Company,United States,AA-,A1
American University,Endowment,United States,NR,A1
Sacramento County Employees’ Retirement System,Public Pension Plan,United States,NR,NR
The Oregon Community Foundation,Foundation,United States,NR,NR
The California Wellness Foundation,Foundation,United States,NR,NR
"Endine IRR LP, acting by its general partner, Endine IRR GP Inc.",Fund-of-Funds,Canada,NR,NR
KEB Hana Bank as Trustee of Samsung Global Infrastructure Fund No.3(1),Fund-of-Funds,South Korea,NR,NR
Buckland Investment Pte. Ltd.,SWF,Singapore,NR,NR
Global Infrastructure Select SICAV-FIS – Sub-Fund I represented by Energy Asset Management S.a r.l.,Fund-of-Funds,Luxembourg,NR,NR
Meridiam North America Blocker I SCSp,Fund-of-Funds,Luxembourg,NR,NR
"Strategic Partners Infrastructure III Investments, L.P.",Fund-of-Funds,United States,NR,NR
Saint Ignatius College Prep,Endowment,United States,NR,NR
Oldendorff Family Office GmbH,Family Office,,NR,NR
Orca South Inc.,Other,,NR,NR
Loro South Inc.,Other,,NR,NR
"MINA IV CIP, LP",GP,,NR,NR
The Northern Trust Company in its capacity as custodian for the Future Fund Board of Guardians acting in connection with the Future Fund *,SWF,Australia,NR,NR
Devonshire Investment Pte. Ltd.(Inclusion in borrowing base subject to addressing side letter language),SWF,Australia,NR,NR
"Danica Pension, Livsforsikringsaktieselskab (Inclusion in borrowing base subject to addressing side letter language)",Other Pension Plan,Denmark,A-,NR
Development Bank of Japan Inc.*,Financial Institution,Japan,A,A1
Sumitomo Life Insurance Company (Aggregated),Insurance Company,Japan,A+,A1
The Northern Trust Company in its capacity as custodian for the Future Fund Board of Guardians acting in connection with the Medical Research Future Fund *,SWF,Australia,NR,NR
"Custody Bank of Japan, Ltd. a/c 46404-6208",Other,Japan,NR,A1
Erie Indemnity Company as attorney-in-fact for Erie Insurance Exchange,Insurance Company,United States,NR,NR
Bellwether Global Real Estate & Infrastructure Fund,Fund-of-Funds,,NR,NR
First Manulife Investment Corporation,Insurance Company,,NR,NR
Golding Capital Partners (Luxembourg) S.à r.l. acting in its own name but for the account of FCP-FIAR Halle 1,Fund-of-Funds,,NR,NR
Golding Capital Partners (Luxembourg) S.à r.l. acting in its own name but for the account of GC Alternatives FCP-FIAR,Fund-of-Funds,,NR,NR
Golding Infrastructure 2020 SCS SICAV-FIAR - Teilfonds A,Fund-of-Funds,,NR,NR
MFR MA SCS SICAV-FIAR,Fund-of-Funds,,NR,NR
Ogier Global Trustee (Cayman) Limited acting solely in its capacity as trustee of Pantheon Global Infrastructure USD Investments Unit Trust - Class B Units,Fund-of-Funds,,NR,NR
WAI Triptychon Master S.A. SICAV-FIAR - Teilfonds Infra,Fund-of-Funds,,NR,NR
Cassa Nazionale Del Notariato,Public Pension Plan,,NR,NR
APPIA III Global Infrastructure Portfolio SCSp,Fund-of-Funds,,NR,NR
Internationale Kapitalanlagegesellschaft mbH acting for the account of SDK AI UMAA,Other,,NR,NR
Capstone Private AI Fund III represented by Standard Chartered Bank Korea Limited as trustee,Fund-of-Funds,,NR,NR
RAG Finanz-GmbH & Co. KG,Fund-of-Funds,,NR,NR
Birta Lifeyrissjodur,Public Pension Plan,,NR,NR
Pension Plan of The United Church of Canada,Other Pension Plan,,NR,NR
GenF Markets Fund S.C.S.p. SICAV-RAIF - Infrastructure acting through its AIFM Universal-Investment-Luxembourg S.A.,Fund-of-Funds,,NR,NR
Dauphin County Retirement Trust Fund,Public Pension Plan,,NR,NR
"University of Idaho Strategic Initiatives Fund, Inc.",Foundation,,NR,NR
"U.S. Bank National Association as Trustee FBO Golden Gate Bridge, Highway, and Transportation District OPEB Fund Trust",Other Pension Plan,,NR,NR
Milwaukee Area Technical College FCC Spectrum Auction Trust,Foundation,,NR,NR
Intesa Sanpaolo Vita S.p.A. - Trendifondo Intesa Vita,Fund-of-Funds,,NR,NR
Intesa Sanpaolo Vita S.p.A. - Fondo Vivapiu,Fund-of-Funds,,NR,NR
Intesa Sanpaolo Vita S.p.A. - Fondo Vivadue,Fund-of-Funds,,NR,NR
Intesa Sanpaolo Vita S.p.A. - Fondo Base Sicura,Fund-of-Funds,,NR,NR
"EKM AI-Fonds Lux S.A., SICAV-RAIF - Wartburg, represented by its AIFM Universal-Investment-Luxembourg S.A.",Fund-of-Funds,,NR,NR
Sofnunarsjodur Lifeyrisrettinda,Public Pension Plan,,NR,NR
Infra-Invest Holding,Fund-of-Funds,,NR,NR
RAG-S Private Equity GmbH & Co. KG,Fund-of-Funds,,NR,NR
U.S. Bank NA as Trustee FBO City of Roseville Post-Employment Welfare Benefits Program Trust,Other Pension Plan,,NR,NR
Howard County Other Post Employment Benefits Trust,Other Pension Plan,,NR,NR
Tetrao SPF,Investment Company,,NR,NR
Morgan Stanley Infrastructure IV GP L.P.,Fund-of-Funds,,NR,NR
Groupama Infrastructure Invest,Fund-of-Funds,,NR,NR
SEB Pension och Forsakring AB (FOP3),Other Pension Plan,,NR,NR
Auto Club Insurance Association,Insurance Company,,NR,NR
The Auto Club Group,Corporate,,NR,NR
"North Haven Alternatives Insurance Fund A Series Interests of the SALI Multi-Series Fund, L.P.",Fund-of-Funds,,NR,NR
CAJA LABORAL POPULAR COOP. DE CREDITO,Other,,NR,NR
Kühne Holding AG,Fund-of-Funds,,NR,NR
ERI-Lux Umbrella Fund SA SICAV-RAIF-ERI Fonds 5 Private Equity,Fund-of-Funds,,NR,NR
Alpha Private Markets SC.A. SICAV-RAIF Sub-Fund 7,Fund-of-Funds,,NR,NR
Global Alternatives FCP-RAIF Sub-Fund 1,Fund-of-Funds,,NR,NR
Capstone Private AI Fund XII represented by Standard Chartered Bank Korea Limited as trustee,Fund-of-Funds,,NR,NR
ABRIM 34 INC.,Corporate,,NR,NR
Nordea Specialised Investment Fund - Global Infrastructure Fund,Fund-of-Funds,,NR,NR
ORIX Life Insurance Corporation,Insurance Company,,BBB+,A3
"Mystic Total Alpha Growth Insurance Fund Series of the SALI Multi-Series Fund, L.P.",Fund-of-Funds,,NR,NR
ARVI International Corp,Fund-of-Funds,,NR,NR
Morgan Stanley Infrastructure Partners IV Investment Team LEF (US) SCSP,Fund-of-Funds,,NR,NR
Morgan Stanley Infrastructure Partners IV Investment Team LEF (Non-US) SCSP,Fund-of-Funds,,NR,NR
State Street Bank and Trust Company as Trustee for the Northrop Grumman Pension Master Trust,Corporate Pension Plan,United States,BBB+,Baa1
Employers Reassurance Corporation (ERAC),Insurance Company,United States,BBB+,NR
Kaiser Foundation Hospitals,Foundation,United States,AA-,NR
The Johnson & Johnson Pension and Savings Plans Master Trust,Corporate Pension Plan,United States,AAA,Aaa
Oversea-Chinese Banking Corporation Limited,Financial Institution,Singapore,AA-,Aa1
United States Automobile Association (USAA) General Indemnity Company,Insurance Company,United States,AA+,NR
United States Automobile Association (USAA) Casualty Insurance Company,Insurance Company,United States,AA+,NR
Endurance Insurance Specialty Ltd.,Insurance Company,Bermuda,A+,A1
Board of Trustees of Michigan State University,Endowment,United States,AA,Aa2
RWJBarnabas Health Master Retirement Income Plan Trust,Corporate Pension Plan,United States,AA-,Aa3
Qatar Insurance Company Q.S.P.C.,Insurance Company,Qatar,A-,NR
"Kaiser Foundation Health Plan, Inc. and Investment Committee for the Kaiser Permanente Retirement Plans, as named fiduciaries for the plans that participate in the Kaiser Permanente Group Trust",Corporate Pension Plan,United States,NR,NR
"Everest International Reinsurance, Ltd.",Insurance Company,Bermuda,NR,NR
Garrison Property & Casualty Insurance Company,Insurance Company,United States,NR,NR
The Saudi National Bank,Financial Institution,Saudi Arabia,NR,NR
New Pinnacle GP Company Limited,Fund-of-Funds,Cayman Islands,NR,NR
"Allianz Global Investors GmbH, acting for the account of AllianzGI-Fonds Luna B Segment Divers",Fund-of-Funds,Germany,NR,NR
NongHyupBank as trustee of Kiwoom Aurora Private Investment Trust,Fund-of-Funds,South Korea,NR,NR
E.ON Pension Fund S.C.S SICAV-FIS Sub-Fund A represented by Energy Asset Management S.à r.l.,Other Pension Plan,Luxembourg,NR,NR
"Laurion I ICAV, on behalf of its sub-fund, Platino Fund I",Fund-of-Funds,Ireland,NR,NR
Ärzteversorgung Niedersachsen,Other Pension Plan,Germany,NR,NR
Volkswohl Bund Lebensversicherung a.G.,Insurance Company,Germany,NR,NR
"The Master Trust Bank of Japan, Ltd. acting as trustee for Trust Fund No.400030832",Fund-of-Funds,Japan,NR,NR
J&J Pension Fund OFP,Corporate Pension Plan,Netherlands,NR,NR
J&J Pension Trustees Limited as trustee for the Johnson & Johnson UK Group Retirement Plan,Corporate Pension Plan,UK,NR,NR
"The Master Trust Bank of Japan, Ltd. acting as trustee for Trust Fund No. 400076583",Fund-of-Funds,Japan,NR,NR
NongHyupBank as trustee of Kiwoom Aurora Private Investment Trust 2 (USD),Fund-of-Funds,South Korea,NR,NR
"Barnabas Health, Inc. d/b/a RWJBH Corporate Services, Inc.",Corporate,United States,NR,NR
Pensionskasse Johnson & Johnson Schweiz,Corporate Pension Plan,Switzerland,NR,NR
AIF - værdipapirfonden Accunia Invest Absolute Return Akk,Fund-of-Funds,Denmark,NR,NR
Kontora kapitalverwaltungs GmbH on behalf of GSV Invest 01,Fund-of-Funds,Germany,NR,NR
Perpetual Investment Fund S.C.A. SICAV-RAIF - Private Debt Program,Fund-of-Funds,Luxembourg,NR,NR
Government of Bermuda Contributory Pension Fund,Public Pension Plan,Bermuda,NR,NR
"Custody Bank of Japan, Ltd. a/c 08148-6287",Other,Japan,NR,NR
"Arlington Income Fund, LLC",Fund-of-Funds,United States,NR,NR
State Street Bank and Trust Company as Trustee of Detroit Edison Qualified Nuclear Decommissioning Trust,Fund-of-Funds,United States,NR,NR
"SOPAI SIF SICAV, Sub-Fund SOPAI - AI",Fund-of-Funds,Luxembourg,NR,NR
Tieraerzteversorgung Niedersachsen,Other Pension Plan,Germany,NR,NR
Aerzteversorgung Sachsen-Anhalt,Other Pension Plan,Germany,NR,NR
Milaha Capital W.L.L,Fund-of-Funds,Qatar,NR,NR
"The Master Trust Bank of Japan, Ltd. acting as trustee for Trust Fund No.400075810",Other,Japan,NR,NR
Retirement Plan of American Fidelity Group,Public Pension Plan,United States,NR,NR
State Street Bank and Trust Company as Trustee of DTE Energy Company Master VEBA Trust,Corporate Pension Plan,United States,NR,NR
Aerzteversorgung Mecklenburg Vorpommern,Other Pension Plan,Germany,NR,NR
Inmomutua Madrilena SLU,Insurance Company,Spain,NR,NR
Government of Bermuda Public Service Superannuation Fund,Public Pension Plan,Bermuda,NR,NR
"Custody Bank of Japan, Ltd. a/c 46839-6244",Other,Japan,NR,NR
Beneficial Life Insurance Company,Insurance Company,United States,NR,NR
Abu Dhabi National Insurance Company PJSC,Insurance Company,United Arab Emirates,NR,NR
Sara Vita S.P.A,Insurance Company,Italy,NR,NR
Sara Assicurazioni S.p.A,Insurance Company,Italy,NR,NR
"Private Equity 2012, Ltd.",Fund-of-Funds,Cayman Islands,NR,NR
Steuerberaterversorgung Niedersachsen,Other Pension Plan,Germany,NR,NR
State Street Bank and Trust Company as Trustee of DTE Energy Company Affiliates Employee Benefit Plans Master Trust,Corporate Pension Plan,United States,NR,NR
City of Dearborn Heights Police and Fire Retirement System,Public Pension Plan,United States,NR,NR
Bricklayers Pension Trust Fund - Metropolitan Area,Other Pension Plan,United States,NR,NR
Liliuokalani Trust,Foundation,United States,NR,NR
Cement Masons Pension Trust Fund - Detroit and Vicinity,Other Pension Plan,United States,NR,NR
City of Dearborn Heights General Government Employees Retirement System,Public Pension Plan,United States,NR,NR
Petershill IV Offshore Feeder LP (MS PWM Aggregator),HNW Platform,Cayman Islands,NR,NR
"1869 Private Opportunities Partners I, LP",Fund-of-Funds,,NR,NR
RA Program 2019 Foreign Income Blocker Ltd,Fund-of-Funds,,NR,NR
BRFinvest a/s,Fund-of-Funds,,NR,NR
Q Credit,Fund-of-Funds,,NR,NR
Vintage VIII/Petershill IV/Petershill Private Equity Seeding Access LP,Fund-of-Funds,,NR,NR
FDL-Dignus-Stiftung(2),Fund-of-Funds,,NR,NR
"The Master Trust Bank of Japan, Ltd. acting as trustee for Fund No. 400076646",Fund-of-Funds,,NR,NR
Stichting Figaro on behalf of Allegro FGR,Fund-of-Funds,,NR,NR
The Ministry of Defence Pension Fund of Oman,SWF,,NR,NR
"1869 Private Opportunities Partners I, SLP",Fund-of-Funds,,NR,NR
Teseo Capital SICAV-SIF,Fund-of-Funds,,NR,NR
FML Familienstiftung,Family Office,,NR,NR
Palace Global Investments Ltd.,Fund-of-Funds,,NR,NR
"PH IV Offshore Advisors, S.a.r.l.",GP,,NR,NR
PH IV Advisors LLC,GP,,NR,NR
Apple Inc.,Corporate,United States,AA+,NR
"Hanwha General Insurance Co., Ltd.",Insurance Company,South Korea,NR,A2
Hartford Fire Insurance Company,Insurance Company,United States,A+,A1
Hartford Accident and Indemnity Company,Insurance Company,United States,A+,A1
Hartford Life and Accident Insurance Company,Insurance Company,United States,A+,A1
Navigators Insurance Company,Insurance Company,United States,A+,NR
University of Washington,Endowment,United States,AA+,Aaa
Paxton Investment PTE. LTD.,SWF,Singapore,NR,NR
Cerium Jambo Limited,SWF,,NR,NR
"Savanna Investment Co., Ltd",SWF,,NR,NR
School Employees Retirement Board of Ohio o/b/o School Employees Retirement System of Ohio,Public Pension Plan,United States,NR,NR
Employers Reassurance Corporation,Insurance Company,United States,BBB+,NR
Leo Holdings A/S,Investment Company,Denmark,NR,NR
"JPMorgan Chase Bank, N.A., as Directed Trustee of The Boeing
Company Employee Retirement Plans Master Trust",Corporate Pension Plan,United States,NR,NR
"Stichting Bedrijfstakpensioenfonds Mode-, Interieur-, Tapijt- en Textielindustrie",Corporate Pension Plan,Netherlands,NR,NR
Alterra Acceleration LP,SWF,United Arab Emirates,NR,NR
PSPIB-AI Investments Inc.,Public Pension Plan,Canada,NR,NR
APG Asset Management (Aggregate),Investment Company,Netherlands,NR,NR
Eastspring Singapore Alternatives VCC for the account of Eastspring Global Real Assets and Private Equity Fund,Fund-of-Funds,Singapore,NR,NR
"AXA Fund Platform Private Equity S.C.A., SICAV-RAIF - Vintage 2024",Fund-of-Funds,Luxembourg,NR,NR
L8 Investment Holdings LP,Investment Company,UK,NR,NR
Vintage 2024 Private Investments Offshore SICAV-RAIF S.C.Sp.,Fund-of-Funds,Luxembourg,NR,NR
ARAB PETROLEUM INVESTMENTS CORPORATION,Financial Institution,Saudi Arabia,NR,NR
Alphabet Holdings LLC,Corporate,United States,NR,NR
Sixth Stockholm Global Private Equity LP,Fund-of-Funds,Sweden,NR,NR
New Pinnacle Private Equity USD Company Limited 9,Fund-of-Funds,Cayman Islands,NR,NR
"Vintage 2024 Private Investments, LLC",Fund-of-Funds,United States,NR,NR
HSBC Investment Bank Holdings Limited,Financial Institution,UK,NR,NR
"Bilbao Vizcaya Investments, S.A.U.",Financial Institution,Spain,NR,NR
Raiden Global ICAV on behalf and for the account of the Impact 2025 Fund,Fund-of-Funds,Ireland,NR,NR
Raiden Global ICAV for and on behalf of the Impact 2023 Fund,Fund-of-Funds,Ireland,NR,NR
"Pictet Thematic Private Equity, SICAV-RAIF - Pictet Thematic Private Equity Environment Fund I",Fund-of-Funds,Luxembourg,NR,NR
QIC Private Capital Pty Ltd as trustee for QIC Private Equity Fund No. 2,Fund-of-Funds,Australia,NR,NR
IST2 Investment Foundation,Foundation,Switzerland,NR,NR
The Jewish Community Foundation of Montreal,Foundation,Canada,NR,NR
QIC Investments No. 1 Pty Ltd as trustee for QIC Private Equity Fund (W),Fund-of-Funds,Australia,NR,NR
MADOMIT,Fund-of-Funds,France,NR,NR
QIC Investments No. 3 Pty Ltd as trustee for QIC Private Equity Fund (DF),Fund-of-Funds,Australia,NR,NR
State of Michigan Retirement System,Public Pension Plan,,NR,NR
"Alternatives North America, Ltd.",Fund-of-Funds,,NR,NR
"TPG Rise Climate VSC, L.P.",Fund-of-Funds,,NR,NR
"TPG Rise Climate SLP, L.P.",Fund-of-Funds,,NR,NR
NB Clifton Private Equity III LP,Fund-of-Funds,,NR,NR
Private Markets Premium Offering 2024 - TRC II L.P.,Fund-of-Funds,,NR,NR
72813 Investment Holdings LLC,Investment Company,,NR,NR
"FIR DEA 2, a sub-fund of FIR DEA S.A, SICAV-RAIF",Fund-of-Funds,,NR,NR
3958230 Canada Inc.,Corporate,,NR,NR
RI Investments Holding B.V.,Fund-of-Funds,,NR,NR
1802146 Ontario Limited,Fund-of-Funds,,NR,NR
ProSA-Feuer Beteiligungsgesellschaft mbH,Fund-of-Funds,,NR,NR
"Private Equity - Vintage Program 2024, a sub-fund of Premium Selection QIAIF ICAV",Fund-of-Funds,,NR,NR
GPEF Climate Change & Sustainability (Impact) Company Limited 2,Fund-of-Funds,,NR,NR
Hannover America Private Equity Partners II GmbH & Co. KG,Fund-of-Funds,,NR,NR
Finance 1805 SA acting as nominee on behalf of clients Ref Groupe Mutuel,Fund-of-Funds,,NR,NR
SF PRIVATE EQUITY S.A. SICAV-RAIF-TEILFONDS BALANCED,Fund-of-Funds,,NR,NR
"TPG Rise Climate Access Fund II, L.P.",Fund-of-Funds,,NR,NR
PE PC A S.C.Sp.,Fund-of-Funds,,NR,NR
"TPG Rise Climate II-X Cayman, L.P.",Fund-of-Funds,,NR,NR
Oblate International Pastoral Investment Trust,Fund-of-Funds,,NR,NR
Nordea Alternative Strategies Fund S.A. SICAV-RAIF - NPE Global Future Fund I,Fund-of-Funds,,NR,NR
DALPP Series C(2) Foreign Income Blocker LLC,Fund-of-Funds,,NR,NR
SRZ HL PE 1 (MASTER) LP,Fund-of-Funds,,NR,NR
Altrium Sustain Assets I Pte. Ltd.,Fund-of-Funds,,NR,NR
HDI Reinsurance (Ireland) Societas Europaea,Insurance Company,,NR,NR
Hauck & Aufhäuser Fund Services S.A. on the account of HAL-Private-Equity-Fonds,Fund-of-Funds,,NR,NR
Great Eastern Life Assurance (Malaysia) Berhad - Par 1 Fund,Insurance Company,,NR,NR
"TPG Rise Climate II-X, L.P.",Fund-of-Funds,,NR,NR
Priests of the Sacred Heart,Foundation,,NR,NR
"PRIVATE EQUITY GLOBAL OPPORTUNITIES I, FCR",Fund-of-Funds,,NR,NR
"TPG Tiger HoldCo, LLC",Fund-of-Funds,,NR,NR
Swisscanto (CH) Private Equity World Carbon Solutions I KmGK,Fund-of-Funds,,NR,NR
Honeywell Venture Capital LLC,Investment Company,,NR,NR
GE Vernova Ventures LLC,Investment Company,,NR,NR
BL Private Assets SCA SICAV- RAIF – Decarbonization Fund,Fund-of-Funds,,NR,NR
"NewVest PE50 2024 Aggregator, LP",Fund-of-Funds,,NR,NR
Great Eastern Life Assurance (Malaysia) Berhad - Par 3 Fund,Insurance Company,,NR,NR
Composite Capital Partners LLC - Series Z,Family Office,,NR,NR
"TPG Tiger HoldCo 2, LLC",Fund-of-Funds,,NR,NR
SRCS HL PE 1 (Master) LP,Fund-of-Funds,,NR,NR
2678681 Ontario Inc,Fund-of-Funds,,NR,NR
The Rona and Jeffrey Abramson Foundation,Foundation,,NR,NR
"TPG Rise Climate GenPar II, L.P.",GP,,NR,NR
FCPR ODDO BHF Invest For Tomorrow,Fund-of-Funds,,NR,NR
Great Eastern Life Assurance (Malaysia) Berhad - Non Par 1A Fund,Insurance Company,,NR,NR
"Cogen Family Investments, LLC",Family Office,,NR,NR
TPG Rise Climate Lux GenPar II L.P.,GP,,NR,NR
Jewish Community Foundation of the Jewish Federation Council of Greater Los Angeles FBO The Diane P. and Guilford Glazer Family Donor Advised,Foundation,,NR,NR
Great Eastern Life Assurance (Malaysia) Berhad - Not Unit Linked 1A Fund,Insurance Company,,NR,NR
Great Eastern General Insurance (Malaysia) Berhad,Insurance Company,,NR,NR
"TPG Rise Climate GenPar II-F, L.P.",GP,,NR,NR
PSPIB Unitas Investments Inc.,Public Pension Plan,Canada,AAA,Aaa
The Master Trust Bank of Japan 400031219,Insurance Company,Japan,A,A2
Mandatum/Sampo (Aggregate),Insurance Company,Finland,A,NR
University of Ottawa (Aggregate),Endowment,Canada,NR,Aa2
Master Pension Trust of CSX Corporation and Affiliated Companies,Corporate Pension Plan,United States,BBB+,A3
Ecolab Pension Trust,Corporate Pension Plan,United States,A-,A3
AgriBank District Retirement Plan,Corporate Pension Plan,United States,AA-,Aa3
AIA VCC for a/c AIA Credit Fund 2022,Fund-of-Funds,Singapore,AA-,Aa2
"The Master Trust Bank of Japan, Ltd. acting as trustee for Trust Fund No. 300046139 (Hitachi IM)",Corporate,Japan,A,A3
1000428801 ONTARIO INC. (Magna International),Corporate,Canada,A-,A3
Thomson Reuters Group Pension Plan,Corporate Pension Plan,United States,BBB,Baa1
"T Trust Capital Fund I VCC, for and on behalf of TTC Income Fund (Registration Number T22VC0051B-SF003)",Fund-of-Funds,Singapore,Aaa,AAA
CTF Life Insurance Company Limited,Insurance Company,Hong Kong,NR,Aa3
"The Master Trust Bank of Japan, Ltd. acting as trustee for Trust Fund No. 300046219 (Fujitsu Pension Fund)",Corporate Pension Plan,Japan,NR,A3
KDB Asia Limited,Financial Institution,Hong Kong,AA,Aa2
"The Chiba Bank, Ltd.",Financial Institution,Japan,A-,A1
"The Master Trust Bank of Japan, Ltd. acting as trustee for Trust Fund No.300045408 (Mitsubishi UFJ Trust and Banking Corporation Pension Fund)",Corporate Pension Plan,Japan,A,A1
"The Master Trust Bank of Japan, Ltd. acting as trustee for Trust Fund No.300046252 (TOKYO GAS Co., Ltd. (Pension))",Corporate Pension Plan,Japan,AA-,A1
"The Master Trust Bank of Japan, Ltd. acting as trustee for Trust Fund No.400076492",Corporate Pension Plan,Japan,A+,NR
"The Master Trust Bank of Japan, Ltd. acting as trustee for Trust Fund No. 300046215",Corporate Pension Plan,Japan,NR,A3
West Street AS/RH AM Private Credit Funds Ltd. (Asahi Mutual Life Insurance Company),Insurance Company,,NR,NR
Income Insurance Limited - Life Insurance Participating Fund,Insurance Company,Singapore,AA-,NR
Great Eastern Life (Aggregate),Insurance Company,Singapore,AA-,NR
If P&C Insurance Ltd (publ),Insurance Company,Sweden,AA-,Aa3
Royal & Sun Alliance Insurance Limited,Insurance Company,UK,NR,Aa2
"Kuwait Fund for Arab Economic Development (Peace House Private Debt, Ltd.)",SWF,Kuwait,A+,A1
Central Mutual Insurance Company,Insurance Company,United States,NR,NR
POBA - GS MAS (Public Officials Benefit Association) (HSBC Seoul as trustee for Mirae Asset Global Multi Asset Privately Placed Master Investment Trust 1),Fund-of-Funds,South Korea,NR,NR
National House Building Council,Foundation,UK,NR,NR
Laerernes Pension Forsikringsaktieselskab,Public Pension Plan,Denmark,NR,NR
Sampension (Aggregate),Corporate Pension Plan,Denmark,NR,NR
Contrato de Fideicomiso Irrevocable CIB/3830 (Afore Invercap),Corporate Pension Plan,Mexico,NR,NR
"Fonditel B, Fondo De Pensiones",Corporate Pension Plan,Spain,NR,NR
"Empleados De Telefonica De Espana, Fondo De Pensiones",Corporate Pension Plan,Spain,NR,NR
Industriens Pensionsforsikring A/S,Corporate Pension Plan,Denmark,NR,NR
Star Tribune Retirement Plans Master Trust,Corporate Pension Plan,United States,NR,NR
Ninth Farm Credit District Pension Plan,Other Pension Plan,United States,NR,NR
DHFI 13 FZ-LLC,Fund-of-Funds,United Arab Emirates,NR,NR
Foster Farms Group Pension Plan,Other Pension Plan,,NR,NR
Brown Brothers Harriman & Co. as Custodian for AFP Capital S.A. (Aggregate),Other Pension Plan,Chile,NR,NR
CCLF SPV LLC,Fund-of-Funds,United States,NR,NR
Brown Brothers Harriman & Co. as Custodian for AFP Modelo S.A. (Aggregate),Other Pension Plan,Chile,NR,NR
"NewVest Vintage 2022 Aggregator (PD 50), LP",Fund-of-Funds,United States,NR,NR
WF Selection Dette Privee (Banque Wormser),Fund-of-Funds,France,NR,NR
"West Street Loan Partners V Advisors, S.A.R.L",GP,,NR,NR
"West Street Loan Partners V Employee Fund, LP",GP,,NR,NR
"West Street Loan Partners V Europe Advisors, S.a r.l.",GP,,NR,NR
"West Street Loan Partners V Employee Offshore Fund, LP",GP,,NR,NR
"West Street Loan Partners V Unlevered Advisors, S.a r.l.",GP,,NR,NR